ISO3,countryname,year,id,NOMINAL_GDP,REAL_GDP,INFLATION,UNEMPLOYMENT
ABW,Aruba,2020,ABW,4442.5244,4266.0449,1.222,8.6000004
ABW,Aruba,2021,ABW,5243.7095,5295.5537,0.74400002,8.8000002
ABW,Aruba,2022,ABW,5870.0249,5746.6245,5.52,4.3000002
ABW,Aruba,2023,ABW,6530.9458,5991.6445,3.3659999,4.0
ABW,Aruba,2024,ABW,7073.9414,6380.3516,1.712316,3.859
ABW,Aruba,2025,ABW,7338.939,6520.2866,1.5140413,4.3629999
AFG,Afghanistan,2020,AFG,1534965.5,1232255.6,5.4429998,18.566629
AFG,Afghanistan,2021,AFG,1251171.8,976700.06,5.0619998,5.6789999
AFG,Afghanistan,2022,AFG,1283441.4,915752.25,10.6,
AFG,Afghanistan,2023,AFG,1357275.0,936511.81,-7.4484615,
AFG,Afghanistan,2024,AFG,,,-6.6011858,
AFG,Afghanistan,2025,AFG,,,,
AGO,Angola,2020,AGO,31700770.0,12547928.0,21.024,16.497
AGO,Angola,2021,AGO,44141400.0,12698403.0,23.846111,15.799
AGO,Angola,2022,AGO,52183996.0,13085036.0,23.826818,14.124
AGO,Angola,2023,AGO,62030064.0,13226105.0,13.644102,
AGO,Angola,2024,AGO,81122720.0,13811215.0,28.240496,
AGO,Angola,2025,AGO,99684816.0,14139028.0,22.000616,
AIA,Anguilla,2020,AIA,705.71442,657.30145,-0.47358328,
AIA,Anguilla,2021,AIA,824.11682,728.07367,1.796574,
AIA,Anguilla,2022,AIA,1050.2245,909.69495,5.5545421,
AIA,Anguilla,2023,AIA,1122.4852,932.14124,3.4066362,
AIA,Anguilla,2024,AIA,,,-0.48674509,
ALB,Albania,2020,ALB,1655984.5,1586283.8,1.6208866,11.675
ALB,Albania,2021,ALB,1866671.8,1728566.3,2.0414717,11.5
ALB,Albania,2022,ALB,2149741.8,1812000.6,6.7252026,10.787
ALB,Albania,2023,ALB,2364276.0,1884760.0,5.5652237,10.66925
ALB,Albania,2024,ALB,2517819.8,1961016.0,2.5999999,8.8000002
ALB,Albania,2025,ALB,2678857.0,2035307.1,2.3736038,8.8000002
AND,Andorra,2020,AND,2531.0869,2408.6646,0.092612378,2.925
AND,Andorra,2021,AND,2810.9653,2608.2649,1.6766649,3.2750001
AND,Andorra,2022,AND,3210.3101,2857.7354,6.2030621,2.0999999
AND,Andorra,2023,AND,3500.5801,2931.5667,5.6072392,1.55
AND,Andorra,2024,AND,3732.3701,3030.4138,3.0733705,1.425
AND,Andorra,2025,AND,3877.3845,3087.1899,2.240407,1.6
ANT,Netherlands Antilles,2020,ANT,,,,
ANT,Netherlands Antilles,2021,ANT,,,,
ANT,Netherlands Antilles,2022,ANT,,,,
ANT,Netherlands Antilles,2023,ANT,,,,
ANT,Netherlands Antilles,2024,ANT,,,,
ARE,United Arab Emirates,2020,ARE,1283439.6,1407825.9,-2.0794032,4.2940001
ARE,United Arab Emirates,2021,ARE,1524744.1,1469133.4,0.18000001,3.105
ARE,United Arab Emirates,2022,ARE,1846283.0,1579460.8,4.8278885,2.8729999
ARE,United Arab Emirates,2023,ARE,1888144.0,1636616.9,1.623,2.151
ARE,United Arab Emirates,2024,ARE,1972422.0,1698180.0,1.662919,
ARE,United Arab Emirates,2025,ARE,2014727.0,1765960.5,2.0999746,
ARG,Argentina,2020,ARG,27209814.0,5154819.5,40.404758,11.55
ARG,Argentina,2021,ARG,46219084.0,5693075.5,48.04678,8.75
ARG,Argentina,2022,ARG,82652824.0,5993094.0,72.358711,6.8249998
ARG,Argentina,2023,ARG,191404992.0,5896545.5,117.20367,6.125
ARG,Argentina,2024,ARG,594884736.0,5669623.5,120.87206,7.1500001
ARG,Argentina,2025,ARG,1027450048.0,5876073.0,29.782642,6.3000002
ARM,Armenia,2020,ARM,6181902.5,5706840.0,1.2114358,18.200001
ARM,Armenia,2021,ARM,6991778.0,6037836.0,7.1848364,15.5
ARM,Armenia,2022,ARM,8501449.0,6798603.5,8.6409111,13.5
ARM,Armenia,2023,ARM,9505222.0,7362888.0,1.9804188,8.2980003
ARM,Armenia,2024,ARM,10207061.0,7797298.5,0.26951197,13.0
ARM,Armenia,2025,ARM,10939401.0,8148572.0,3.2107105,13.5
ASM,American Samoa,2020,ASM,721.0,656.5603,,
ASM,American Samoa,2021,ASM,750.0,651.42285,,
ASM,American Samoa,2022,ASM,871.0,662.72516,,
ASM,American Samoa,2023,ASM,,,,
ASM,American Samoa,2024,ASM,,,,
ATG,Antigua and Barbuda,2020,ATG,3809.0,3708.3401,1.058,20.459999
ATG,Antigua and Barbuda,2021,ATG,4324.0,4011.4175,1.627,20.459999
ATG,Antigua and Barbuda,2022,ATG,5043.0,4376.77,7.5310783,20.459999
ATG,Antigua and Barbuda,2023,ATG,5489.3301,4483.0098,5.0671387,5.3699999
ATG,Antigua and Barbuda,2024,ATG,6088.7588,4677.0127,6.1988668,
ATG,Antigua and Barbuda,2025,ATG,6495.2168,4820.2373,3.5245717,
AUS,Australia,2020,AUS,1979146.0,1768909.4,0.89033657,6.4749999
AUS,Australia,2021,AUS,2206350.0,1865978.5,2.8196299,5.125
AUS,Australia,2022,AUS,2481141.0,1938971.0,6.6150303,3.7079999
AUS,Australia,2023,AUS,2619922.0,1976909.1,5.6351857,3.7
AUS,Australia,2024,AUS,2713442.8,1998474.9,3.1738977,4.1096516
AUS,Australia,2025,AUS,2817627.0,2036334.9,2.2576106,4.3583059
AUT,Austria,2020,AUT,379500.19,348429.34,1.3880666,5.4749999
AUT,Austria,2021,AUT,406024.22,365841.16,2.7588696,6.1750002
AUT,Austria,2022,AUT,448153.66,385450.19,8.618124,4.7420001
AUT,Austria,2023,AUT,473916.91,382247.03,7.7085629,5.0999999
AUT,Austria,2024,AUT,483657.66,380187.09,2.880306,5.1999998
AUT,Austria,2025,AUT,500413.59,384228.31,2.1091053,5.2510223
AZE,Azerbaijan,2020,AZE,72578.102,52610.086,2.7598095,7.244
AZE,Azerbaijan,2021,AZE,93203.203,55564.898,6.6502991,6.039
AZE,Azerbaijan,2022,AZE,133972.7,58184.605,13.852259,5.6459999
AZE,Azerbaijan,2023,AZE,123005.5,58972.703,8.7854309,5.4555497
AZE,Azerbaijan,2024,AZE,126210.9,61373.719,2.2121718,5.3940001
AZE,Azerbaijan,2025,AZE,133944.17,63533.684,5.6999712,5.3340001
BDI,Burundi,2020,BDI,6609536.0,4580589.5,7.3211064,1.03
BDI,Burundi,2021,BDI,7394797.5,4722588.5,8.3129997,
BDI,Burundi,2022,BDI,8912186.0,4809909.0,18.800879,
BDI,Burundi,2023,BDI,10194042.0,4938119.0,26.941484,
BDI,Burundi,2024,BDI,11589969.0,5110421.5,20.212492,
BDI,Burundi,2025,BDI,16837274.0,5205785.5,39.088543,
BEL,Belgium,2020,BEL,463751.0,423985.56,0.4276247,5.5669999
BEL,Belgium,2021,BEL,506023.09,450283.66,3.2224035,6.2670002
BEL,Belgium,2022,BEL,563543.63,469346.09,10.33441,5.5500002
BEL,Belgium,2023,BEL,596320.5,475220.66,2.2817776,5.5
BEL,Belgium,2024,BEL,613923.38,479536.88,4.3320842,5.6999998
BEL,Belgium,2025,BEL,637611.5,485453.41,2.9375644,5.9051971
BEN,Benin,2020,BEN,9008810.0,8705923.0,3.0227213,1.214
BEN,Benin,2021,BEN,9809694.0,9328871.0,5.9174461,1.214
BEN,Benin,2022,BEN,10854508.0,9912200.0,1.3507786,1.6849999
BEN,Benin,2023,BEN,11934896.0,10541901.0,4.4109116,
BEN,Benin,2024,BEN,12969996.0,11327600.0,1.1691136,
BEN,Benin,2025,BEN,14111342.0,12065117.0,2.2003658,
BFA,Burkina Faso,2020,BFA,10202268.0,9064691.0,1.8844399,1.5599999
BFA,Burkina Faso,2021,BFA,10922877.0,9694009.0,3.848,1.5599999
BFA,Burkina Faso,2022,BFA,11739294.0,9839151.0,14.290236,1.927
BFA,Burkina Faso,2023,BFA,12328298.0,10130408.0,0.74291044,5.348
BFA,Burkina Faso,2024,BFA,13512448.0,10635420.0,4.1830907,3.441
BFA,Burkina Faso,2025,BFA,15322150.0,11096435.0,2.955802,
BGD,Bangladesh,2020,BGD,31704694.0,24385756.0,5.6910748,2.04
BGD,Bangladesh,2021,BGD,35301848.0,26077808.0,5.3066764,2.04
BGD,Bangladesh,2022,BGD,39717164.0,27929286.0,7.6969543,3.53
BGD,Bangladesh,2023,BGD,44908416.0,29542234.0,9.7833338,3.3515
BGD,Bangladesh,2024,BGD,50026536.0,30789878.0,10.465748,
BGD,Bangladesh,2025,BGD,57299568.0,31947574.0,9.9799643,
BGR,Bulgaria,2020,BGR,121088.41,97672.484,1.6724392,5.2069998
BGR,Bulgaria,2021,BGR,139601.97,105272.01,3.2971954,5.2490001
BGR,Bulgaria,2022,BGR,168360.03,109523.7,15.333372,4.2059999
BGR,Bulgaria,2023,BGR,185232.5,111590.21,9.4591055,4.3000002
BGR,Bulgaria,2024,BGR,204220.94,114191.89,2.3633399,4.1999998
BGR,Bulgaria,2025,BGR,219661.59,117413.95,2.7007689,4.0570483
BHR,Bahrain,2020,BHR,12992.0,12465.272,-2.3177063,5.9000001
BHR,Bahrain,2021,BHR,14745.9,13007.517,-0.60631937,6.8000002
BHR,Bahrain,2022,BHR,16683.699,13811.402,3.625741,5.4000001
BHR,Bahrain,2023,BHR,16793.082,14347.024,0.17829382,6.3000002
BHR,Bahrain,2024,BHR,17354.561,14779.909,0.91963547,5.9000001
BHR,Bahrain,2025,BHR,17681.967,15187.349,0.9999212,
BHS,Bahamas,2020,BHS,9958.1943,9676.7002,0.0385211,25.882999
BHS,Bahamas,2021,BHS,11368.926,11378.532,2.905,17.398001
BHS,Bahamas,2022,BHS,13136.384,12616.227,5.6054063,10.68
BHS,Bahamas,2023,BHS,14338.473,13000.866,3.4416094,8.6450005
BHS,Bahamas,2024,BHS,14865.674,13440.102,0.40916249,9.4289999
BHS,Bahamas,2025,BHS,15285.632,13682.451,0.89603817,9.3290005
BIH,Bosnia and Herzegovina,2020,BIH,34727.5,31947.301,-1.051296,15.9
BIH,Bosnia and Herzegovina,2021,BIH,39145.301,34308.699,1.981639,17.355
BIH,Bosnia and Herzegovina,2022,BIH,45617.898,35758.898,14.020844,15.386
BIH,Bosnia and Herzegovina,2023,BIH,49920.199,36472.0,6.098,10.67
BIH,Bosnia and Herzegovina,2024,BIH,51232.5,37376.602,1.6921273,13.2
BIH,Bosnia and Herzegovina,2025,BIH,53697.27,38422.871,2.2258134,13.2
BLR,Belarus,2020,BLR,149720.8,93395.352,5.5481434,4.0819998
BLR,Belarus,2021,BLR,176879.05,95673.141,9.4602842,3.8929999
BLR,Belarus,2022,BLR,193740.95,91216.305,15.209675,3.5799999
BLR,Belarus,2023,BLR,216100.31,94980.383,5.0005989,3.461
BLR,Belarus,2024,BLR,244472.77,98788.953,5.7853193,3.036
BLR,Belarus,2025,BLR,267668.81,101513.35,5.4632187,2.938
BLZ,Belize,2020,BLZ,4110.6538,3938.5979,0.12,13.75
BLZ,Belize,2021,BLZ,4866.1733,4637.5479,3.2597876,10.254
BLZ,Belize,2022,BLZ,5679.2856,5085.2095,6.2655635,6.099
BLZ,Belize,2023,BLZ,6157.208,5143.6392,4.5154796,3.346
BLZ,Belize,2024,BLZ,7058.5161,5562.938,3.2895598,2.5999999
BLZ,Belize,2025,BLZ,7436.4668,5741.5781,2.079459,2.5999999
BMU,Bermuda,2020,BMU,6887.147,6373.7866,,
BMU,Bermuda,2021,BMU,7289.4888,6667.4546,,
BMU,Bermuda,2022,BMU,7827.98,7099.2534,,
BMU,Bermuda,2023,BMU,8141.7002,7448.3394,,
BMU,Bermuda,2024,BMU,8522.209,7605.1538,,
BOL,Bolivia,2020,BOL,253112.22,240854.63,0.94074214,8.3360004
BOL,Bolivia,2021,BOL,279206.22,255574.14,0.73738372,6.9369998
BOL,Bolivia,2022,BOL,304097.25,264789.31,1.7463287,4.7410002
BOL,Bolivia,2023,BOL,311885.59,272950.06,2.5768881,3.0603333
BOL,Bolivia,2024,BOL,322193.44,276729.53,5.0997658,5.0
BOL,Bolivia,2025,BOL,375007.09,279888.0,15.079949,5.0500002
BRA,Brazil,2020,BRA,7609597.0,5836061.0,3.2117682,13.775
BRA,Brazil,2021,BRA,9012142.0,6133932.0,8.3016596,13.2
BRA,Brazil,2022,BRA,10079676.0,6326047.0,9.2801065,9.25
BRA,Brazil,2023,BRA,10856112.0,6509858.5,4.5935626,7.9749999
BRA,Brazil,2024,BRA,11656760.0,6718417.5,4.5333133,6.8336244
BRA,Brazil,2025,BRA,12565522.0,6874913.5,4.2399578,6.3939881
BRB,Barbados,2020,BRB,10336.688,9108.2295,2.882,15.724
BRB,Barbados,2021,BRB,10550.484,9085.0059,3.0639999,14.1
BRB,Barbados,2022,BRB,12514.607,10705.123,9.438714,8.1499996
BRB,Barbados,2023,BRB,13441.467,11143.371,11.02347,8.217
BRB,Barbados,2024,BRB,14330.0,11566.819,-0.46222916,7.9130001
BRB,Barbados,2025,BRB,15098.731,11913.512,2.0109999,7.8239999
BRN,Brunei,2020,BRN,16564.438,18464.039,1.94032,7.3000002
BRN,Brunei,2021,BRN,18822.027,18170.318,1.7362269,5.0
BRN,Brunei,2022,BRN,23003.105,17874.447,3.6822503,5.1999998
BRN,Brunei,2023,BRN,20318.508,18076.006,0.35706431,5.296
BRN,Brunei,2024,BRN,20540.914,18835.266,-0.38867417,4.9000001
BRN,Brunei,2025,BRN,21316.457,19310.379,1.000047,4.9000001
BTN,Bhutan,2020,BTN,182107.42,152742.84,11.354768,5.0300002
BTN,Bhutan,2021,BTN,204664.41,159496.16,8.8633518,4.8000002
BTN,Bhutan,2022,BTN,227813.72,167812.08,4.1568599,5.9000001
BTN,Bhutan,2023,BTN,249388.19,176005.66,3.9191628,3.5
BTN,Bhutan,2024,BTN,271543.5,183124.2,2.7613156,3.2820001
BTN,Bhutan,2025,BTN,302026.0,195943.03,3.2463241,
BWA,Botswana,2020,BWA,171042.0,149877.52,1.8903592,21.017
BWA,Botswana,2021,BWA,207896.58,167737.33,7.2409778,23.106001
BWA,Botswana,2022,BWA,251358.41,176939.44,11.665567,23.615
BWA,Botswana,2023,BWA,263712.25,182615.77,5.0676155,23.381001
BWA,Botswana,2024,BWA,263148.47,177155.8,2.8183513,
BWA,Botswana,2025,BWA,270445.53,176510.61,4.500174,
CAF,Central African Republic,2020,CAF,1339228.0,1185256.4,2.3036838,
CAF,Central African Republic,2021,CAF,1395475.6,1196906.5,4.2639999,
CAF,Central African Republic,2022,CAF,1486181.5,1202339.3,5.5831676,
CAF,Central African Republic,2023,CAF,1550084.3,1210755.3,2.9791386,
CAF,Central African Republic,2024,CAF,1668386.1,1229396.5,1.477336,
CAF,Central African Republic,2025,CAF,1810148.4,1265513.9,2.7001708,
CAN,Canada,2020,CAN,2220527.0,2060285.1,0.72321647,9.7419996
CAN,Canada,2021,CAN,2517123.0,2169211.3,3.4014847,7.4829998
CAN,Canada,2022,CAN,2813289.0,2252072.5,6.8028011,5.25
CAN,Canada,2023,CAN,2892140.0,2280199.3,3.8790016,5.3829999
CAN,Canada,2024,CAN,3009019.3,2305932.0,2.3622506,6.3124952
CAN,Canada,2025,CAN,3122684.5,2350970.5,1.9860827,6.5111461
CHE,Switzerland,2020,CHE,696065.19,703042.5,-0.72587496,3.1700001
CHE,Switzerland,2021,CHE,744500.63,742193.63,0.58181417,2.993
CHE,Switzerland,2022,CHE,791028.0,765340.81,2.8350279,2.1659999
CHE,Switzerland,2023,CHE,803978.63,771043.94,2.1354008,2.0350001
CHE,Switzerland,2024,CHE,827485.63,781413.81,1.1314725,4.1099005
CHE,Switzerland,2025,CHE,848600.75,793334.75,0.87291837,3.9766126
CHL,Chile,2020,CHL,200675056.0,160369104.0,3.0454907,10.77
CHL,Chile,2021,CHL,239396192.0,178898288.0,4.5245686,8.8620005
CHL,Chile,2022,CHL,263805376.0,182643632.0,11.643867,7.8779998
CHL,Chile,2023,CHL,282188576.0,183188544.0,7.5816827,8.6809998
CHL,Chile,2024,CHL,307549888.0,187560848.0,4.3086562,8.4263601
CHL,Chile,2025,CHL,328511872.0,191934864.0,4.2041907,8.3118057
CHN,China,2020,CHN,101356704.0,91023560.0,2.4903989,5.6170001
CHN,China,2021,CHN,114923696.0,98713656.0,0.84889632,5.1170001
CHN,China,2022,CHN,120472392.0,101626368.0,1.8759818,5.5830002
CHN,China,2023,CHN,126058208.0,106961304.0,0.33466923,5.217
CHN,China,2024,CHN,131478488.0,112156320.0,0.42215881,5.1170001
CHN,China,2025,CHN,138385008.0,117409424.0,1.0865955,5.0999999
CIV,Ivory Coast,2020,CIV,36277952.0,35131988.0,2.4250066,2.401
CIV,Ivory Coast,2021,CIV,40366860.0,37613476.0,4.0919518,2.401
CIV,Ivory Coast,2022,CIV,43771176.0,40020696.0,5.2761674,2.3099999
CIV,Ivory Coast,2023,CIV,47790920.0,42602212.0,4.3871169,
CIV,Ivory Coast,2024,CIV,52400024.0,45137044.0,3.460748,
CIV,Ivory Coast,2025,CIV,57116032.0,47980680.0,2.9999683,
CMR,Cameroon,2020,CMR,23468508.0,22229290.0,2.4376087,8.0600004
CMR,Cameroon,2021,CMR,24960496.0,22971496.0,2.2733712,3.2750001
CMR,Cameroon,2022,CMR,27662000.0,23829890.0,6.2476773,
CMR,Cameroon,2023,CMR,29891400.0,24603968.0,7.3828139,
CMR,Cameroon,2024,CMR,32624026.0,25507114.0,4.5306125,
CMR,Cameroon,2025,CMR,34784268.0,26428116.0,3.3998706,
COD,Congo DR,2020,COD,83870000.0,41909780.0,11.5,1.466
COD,Congo DR,2021,COD,105139000.0,44508252.0,8.9890003,
COD,Congo DR,2022,COD,124683000.0,48480364.0,8.9960003,
COD,Congo DR,2023,COD,162254032.0,52654084.0,19.893999,
COD,Congo DR,2024,COD,197859552.0,56169232.0,17.652531,
COD,Congo DR,2025,COD,223544160.0,58804656.0,8.8938065,
COG,Republic of the Congo,2020,COG,6601216.5,5868663.0,2.494,
COG,Republic of the Congo,2021,COG,7419748.5,5928234.0,1.969,
COG,Republic of the Congo,2022,COG,8693647.0,6015696.5,3.0434434,
COG,Republic of the Congo,2023,COG,8593071.0,6130407.5,4.3017454,
COG,Republic of the Congo,2024,COG,8813554.0,6288551.5,3.0914364,
COG,Republic of the Congo,2025,COG,9086324.0,6496757.0,3.2998965,
COK,Cook Islands,2020,COK,437.01099,411.34753,2.4985635,1.3
COK,Cook Islands,2021,COK,349.19183,342.034,2.9271173,1.24
COK,Cook Islands,2022,COK,456.98831,439.20566,14.936194,1.24
COK,Cook Islands,2023,COK,596.35107,522.95123,14.495391,1.005
COL,Colombia,2020,COL,998470976.0,817899968.0,2.5262945,16.683001
COL,Colombia,2021,COL,1192633984.0,906242944.0,3.4959381,13.783
COL,Colombia,2022,COL,1469790976.0,972297984.0,10.176435,11.192
COL,Colombia,2023,COL,1572458368.0,978233216.0,11.736577,10.167
COL,Colombia,2024,COL,1687633792.0,996122816.0,6.6849785,10.19082
COL,Colombia,2025,COL,1817668736.0,1022914944.0,4.3079028,9.6091633
COM,Comoros,2020,COM,527149.0,521399.5,3.0,4.5710001
COM,Comoros,2021,COM,539116.0,535611.75,-0.176,4.3940001
COM,Comoros,2022,COM,605041.0,550707.44,11.995,
COM,Comoros,2023,COM,658779.38,567584.75,8.4820004,
COM,Comoros,2024,COM,711302.5,586819.0,5.047307,
COM,Comoros,2025,COM,753421.38,608977.0,2.2204106,
CPV,Cape Verde,2020,CPV,176319.8,166546.78,0.60579598,8.5
CPV,Cape Verde,2021,CPV,191268.86,178260.89,1.863,8.5
CPV,Cape Verde,2022,CPV,241577.03,206503.97,7.957098,8.5
CPV,Cape Verde,2023,CPV,263814.31,217636.91,4.5091567,8.5
CPV,Cape Verde,2024,CPV,287412.13,233463.2,1.04817,8.5
CPV,Cape Verde,2025,CPV,307810.53,245072.5,1.5006787,8.5
CRI,Costa Rica,2020,CRI,36495248.0,32945930.0,0.72484195,19.98
CRI,Costa Rica,2021,CRI,40326624.0,35560440.0,1.7265749,13.68
CRI,Costa Rica,2022,CRI,44810032.0,37178972.0,8.2746277,11.669
CRI,Costa Rica,2023,CRI,47059272.0,39079532.0,0.52518541,7.2969999
CRI,Costa Rica,2024,CRI,48882916.0,40631356.0,-0.35864821,7.3736482
CRI,Costa Rica,2025,CRI,51479868.0,42038408.0,1.5845294,6.6664042
CSK,Czechoslovakia,2020,CSK,,,,
CSK,Czechoslovakia,2021,CSK,,,,
CSK,Czechoslovakia,2022,CSK,,,,
CUB,Cuba,2020,CUB,107352.0,81054.641,,
CUB,Cuba,2021,CUB,126693.61,82070.82,,
CUB,Cuba,2022,CUB,147113.41,83527.609,,
CUB,Cuba,2023,CUB,201986.0,81916.063,,
CUB,Cuba,2024,CUB,,,,
CUB,Cuba,2025,CUB,,,,
CUW,Curaçao,2020,CUW,4536.4463,4132.9365,,19.07
CUW,Curaçao,2021,CUW,4903.874,4305.8462,,
CUW,Curaçao,2022,CUW,5504.5737,4646.999,,
CUW,Curaçao,2023,CUW,5873.7407,4842.2656,,
CUW,Curaçao,2024,CUW,,,,
CYM,Cayman Islands,2020,CYM,4712.7793,4304.1602,1.0,
CYM,Cayman Islands,2021,CYM,5050.002,4515.2764,0.75999999,
CYM,Cayman Islands,2022,CYM,5500.6812,4748.0991,8.2012901,
CYM,Cayman Islands,2023,CYM,5939.3501,4955.1006,,
CYM,Cayman Islands,2024,CYM,,,,
CYP,Cyprus,2020,CYP,22373.6,22021.801,-0.63842279,7.5500002
CYP,Cyprus,2021,CYP,25679.9,24529.699,0.49200001,7.1500001
CYP,Cyprus,2022,CYP,29377.199,26297.0,8.395483,6.2750001
CYP,Cyprus,2023,CYP,31340.0,27023.801,3.5413418,5.8200002
CYP,Cyprus,2024,CYP,33567.699,27955.6,1.80023,4.9000001
CYP,Cyprus,2025,CYP,35493.121,28799.104,2.2712324,4.6999998
CZE,Czech Republic,2020,CZE,5829971.0,5063128.5,3.1612952,2.5120001
CZE,Czech Republic,2021,CZE,6306061.0,5264195.5,3.8398449,2.734
CZE,Czech Republic,2022,CZE,7048467.0,5414264.0,15.100165,2.165
CZE,Czech Republic,2023,CZE,7626573.0,5416124.5,10.661261,2.579
CZE,Czech Republic,2024,CZE,8026284.5,5470079.0,2.3588741,2.5999999
CZE,Czech Republic,2025,CZE,8388153.5,5599280.0,2.3274291,2.7214425
DEU,Germany,2020,DEU,3442644.0,3168462.5,0.37142405,3.625
DEU,Germany,2021,DEU,3667306.0,3283317.3,3.2123456,3.575
DEU,Germany,2022,DEU,3947261.0,3330782.8,8.665802,3.0669999
DEU,Germany,2023,DEU,4187124.0,3328719.0,6.0301862,3.0250001
DEU,Germany,2024,DEU,4323848.5,3327930.8,2.4497933,3.4000001
DEU,Germany,2025,DEU,4441557.0,3351875.0,2.0228052,3.5650837
DJI,Djibouti,2020,DJI,565343.0,543876.94,2.878,
DJI,Djibouti,2021,DJI,601700.0,569115.13,1.1799999,
DJI,Djibouti,2022,DJI,653100.0,590335.0,5.1798086,
DJI,Djibouti,2023,DJI,710800.0,634858.94,1.8,
DJI,Djibouti,2024,DJI,741512.25,676205.75,2.0765538,
DJI,Djibouti,2025,DJI,798945.5,716831.13,1.6478107,
DMA,Dominica,2020,DMA,1367.86,1235.4357,-0.29499999,
DMA,Dominica,2021,DMA,1499.22,1301.9001,1.571,
DMA,Dominica,2022,DMA,1640.09,1437.2562,7.4749999,
DMA,Dominica,2023,DMA,1757.35,1489.7478,4.0944185,
DMA,Dominica,2024,DMA,1836.1678,1520.3285,2.5897386,
DMA,Dominica,2025,DMA,1956.2362,1584.2178,2.2431462,
DNK,Denmark,2020,DNK,2326590.8,2194488.8,0.42071196,4.658
DNK,Denmark,2021,DNK,2567520.0,2356488.8,1.8530455,3.608
DNK,Denmark,2022,DNK,2844228.0,2392782.8,7.6965671,2.517
DNK,Denmark,2023,DNK,2804742.3,2452487.3,3.3051782,5.0999999
DNK,Denmark,2024,DNK,2927346.0,2522292.0,1.4329193,6.1999998
DNK,Denmark,2025,DNK,3075440.8,2585213.3,2.0494981,6.1369772
DOM,Dominican Republic,2020,DOM,4456657.5,3677658.8,3.7810318,5.829
DOM,Dominican Republic,2021,DOM,5392714.0,4192988.3,8.2429209,7.3839998
DOM,Dominican Republic,2022,DOM,6260564.0,4412615.0,8.8110924,5.2930002
DOM,Dominican Republic,2023,DOM,6820019.5,4509352.5,4.7856126,5.3049998
DOM,Dominican Republic,2024,DOM,7463610.0,4732642.0,3.3022335,5.3099165
DOM,Dominican Republic,2025,DOM,8097676.0,4922962.0,4.3004727,5.3000002
DZA,Algeria,2020,DZA,20154342.0,17130904.0,2.4151309,
DZA,Algeria,2021,DZA,25153206.0,17781878.0,7.2260633,
DZA,Algeria,2022,DZA,32039528.0,18422024.0,9.2655153,
DZA,Algeria,2023,DZA,33638264.0,19177328.0,9.3221741,
DZA,Algeria,2024,DZA,35788500.0,19810180.0,4.046113,
DZA,Algeria,2025,DZA,37452460.0,20502812.0,3.6993213,
ECU,Ecuador,2020,ECU,95865.477,93971.273,-0.3388724,5.3460002
ECU,Ecuador,2021,ECU,107435.1,102825.14,0.13317004,4.6799998
ECU,Ecuador,2022,ECU,116586.08,108859.35,3.4661698,3.8
ECU,Ecuador,2023,ECU,118844.83,111023.73,2.2156878,3.5699999
ECU,Ecuador,2024,ECU,122306.78,108801.88,1.5473251,3.3622501
ECU,Ecuador,2025,ECU,126274.55,110680.42,1.3365413,4.0
EGY,Egypt,2020,EGY,6152600.0,3058565.3,5.6999998,8.2959995
EGY,Egypt,2021,EGY,6663100.0,3159211.5,5.2063246,7.2919998
EGY,Egypt,2022,EGY,7842500.0,3367335.8,13.895661,7.323
EGY,Egypt,2023,EGY,10155400.0,3493956.8,33.884777,7.1849999
EGY,Egypt,2024,EGY,13799989.0,3577782.8,28.27059,7.375
EGY,Egypt,2025,EGY,17202802.0,3712192.5,19.650946,7.665
ERI,Eritrea,2020,ERI,31841.4,34920.246,4.914,
ERI,Eritrea,2021,ERI,33345.207,35931.16,6.6420002,
ERI,Eritrea,2022,ERI,35928.215,36871.75,7.3520002,
ERI,Eritrea,2023,ERI,34300.0,37904.16,9.1592255,
ERI,Eritrea,2024,ERI,,,,
ERI,Eritrea,2025,ERI,,,,
ESP,Spain,2020,ESP,1129214.0,1070409.6,-0.3372843,15.533
ESP,Spain,2021,ESP,1235474.0,1141946.6,3.0081398,14.92
ESP,Spain,2022,ESP,1373629.0,1212510.1,8.3225632,13.035
ESP,Spain,2023,ESP,1498324.0,1244952.9,3.4002702,12.185
ESP,Spain,2024,ESP,1587608.8,1282853.1,2.792974,11.4
ESP,Spain,2025,ESP,1656137.4,1312088.8,2.0561993,10.945951
EST,Estonia,2020,EST,27843.66,23873.262,-0.6342622,6.8060002
EST,Estonia,2021,EST,31398.4,25581.906,4.4871502,6.177
EST,Estonia,2022,EST,36386.063,25570.143,19.447067,5.5710001
EST,Estonia,2023,EST,38163.988,24771.992,9.1158981,6.3759999
EST,Estonia,2024,EST,39114.098,24560.102,3.3752058,7.5999999
EST,Estonia,2025,EST,41345.711,24967.541,3.8134136,7.2554135
ETH,Ethiopia,2020,ETH,3374747.0,1910522.5,20.354,1.2
ETH,Ethiopia,2021,ETH,4341020.0,2018305.3,26.843473,3.9349999
ETH,Ethiopia,2022,ETH,6157015.0,2125714.5,34.003761,
ETH,Ethiopia,2023,ETH,8722308.0,2265889.5,32.295345,
ETH,Ethiopia,2024,ETH,11751048.0,2431677.5,21.037746,
ETH,Ethiopia,2025,ETH,15499913.0,2592452.3,21.541042,
FIN,Finland,2020,FIN,236387.0,222733.02,0.3829599,7.7670002
FIN,Finland,2021,FIN,248764.0,228823.0,2.0661852,7.6170001
FIN,Finland,2022,FIN,266124.0,232141.0,7.1716309,6.783
FIN,Finland,2023,FIN,273320.0,229440.02,4.3404989,7.2080002
FIN,Finland,2024,FIN,277910.56,228808.23,0.91058719,8.3999996
FIN,Finland,2025,FIN,287601.13,232532.16,1.8442636,8.020546
FJI,Fiji,2020,FJI,9613.1553,9076.8838,-2.5952432,13.351
FJI,Fiji,2021,FJI,8914.1406,8633.8379,0.156,9.0
FJI,Fiji,2022,FJI,10939.9,10342.71,4.5201926,6.5
FJI,Fiji,2023,FJI,12245.285,11120.925,1.3744903,5.5
FJI,Fiji,2024,FJI,13248.151,11546.745,4.5113826,5.0
FJI,Fiji,2025,FJI,14025.722,11845.58,3.2000537,4.6999998
FLK,Falkland Islands,2020,FLK,,,,
FLK,Falkland Islands,2021,FLK,,,,
FLK,Falkland Islands,2022,FLK,,,,
FLK,Falkland Islands,2023,FLK,,,,
FLK,Falkland Islands,2024,FLK,,,,
FRA,France,2020,FRA,2317115.0,2174613.0,0.52407575,8.0249996
FRA,France,2021,FRA,2505596.3,2323104.3,2.066416,7.8670001
FRA,France,2022,FRA,2654008.3,2383973.5,5.9057984,7.3080001
FRA,France,2023,FRA,2826376.0,2410675.0,5.6641555,7.342
FRA,France,2024,FRA,2931470.3,2438259.5,2.4101994,7.4000001
FRA,France,2025,FRA,3008036.8,2460142.8,1.5956823,7.6601467
FRO,Faroe Islands,2020,FRO,21404.699,19203.916,,
FRO,Faroe Islands,2021,FRO,23040.301,20260.971,,
FRO,Faroe Islands,2022,FRO,25238.5,20981.455,,
FRO,Faroe Islands,2023,FRO,26920.301,21503.695,,
FRO,Faroe Islands,2024,FRO,,,,
FSM,Micronesia,2020,FSM,372.0,328.1438,0.484,
FSM,Micronesia,2021,FSM,390.0,338.31528,2.085,
FSM,Micronesia,2022,FSM,430.0,328.48428,5.4087439,
FSM,Micronesia,2023,FSM,460.0,330.06808,6.21,
FSM,Micronesia,2024,FSM,488.50494,332.44153,5.4386024,
FSM,Micronesia,2025,FSM,518.58276,336.36801,4.96664,
GAB,Gabon,2020,GAB,8830800.0,8972340.0,1.373036,
GAB,Gabon,2021,GAB,10782800.0,9104050.0,1.079,
GAB,Gabon,2022,GAB,12750100.0,9380596.0,4.2312479,
GAB,Gabon,2023,GAB,12165200.0,9610034.0,3.6290154,
GAB,Gabon,2024,GAB,12652643.0,9935228.0,1.17312,
GAB,Gabon,2025,GAB,12479093.0,10210871.0,1.5160433,
GBR,United Kingdom,2020,GBR,2103486.0,1853603.1,0.88126159,4.625
GBR,United Kingdom,2021,GBR,2285400.0,2012567.3,2.5823755,4.5500002
GBR,United Kingdom,2022,GBR,2526428.0,2109957.0,9.0535593,3.8
GBR,United Kingdom,2023,GBR,2720029.0,2117130.3,7.3018699,4.0500002
GBR,United Kingdom,2024,GBR,2822158.3,2136439.8,2.619899,4.2430005
GBR,United Kingdom,2025,GBR,2929895.0,2172459.3,2.6508205,4.0259762
GEO,Georgia,2020,GEO,49788.539,39365.105,5.2024651,18.5
GEO,Georgia,2021,GEO,60724.141,43555.219,9.5669146,20.6
GEO,Georgia,2022,GEO,72860.063,48328.234,11.898166,17.299999
GEO,Georgia,2023,GEO,80246.078,52113.398,2.4877605,16.4
GEO,Georgia,2024,GEO,91168.43,57026.941,1.1097176,13.9
GEO,Georgia,2025,GEO,100687.88,60435.637,3.6246452,13.9
GGY,Guernsey,2020,GGY,,,,
GGY,Guernsey,2021,GGY,,,,
GGY,Guernsey,2022,GGY,,,,
GGY,Guernsey,2023,GGY,,,,
GGY,Guernsey,2024,GGY,,,,
GHA,Ghana,2020,GHA,391940.72,233227.66,9.9534407,3.4890001
GHA,Ghana,2021,GHA,461694.94,245067.39,9.9724207,3.1949999
GHA,Ghana,2022,GHA,614336.25,254391.83,31.255896,3.0840001
GHA,Ghana,2023,GHA,841632.94,262379.97,38.106964,
GHA,Ghana,2024,GHA,1115119.6,277295.94,22.848328,
GHA,Ghana,2025,GHA,1356631.6,288460.59,17.171213,
GIB,Gibraltar,2020,GIB,,,,
GIB,Gibraltar,2021,GIB,,,,
GIB,Gibraltar,2022,GIB,,,,
GIB,Gibraltar,2023,GIB,,,,
GIB,Gibraltar,2024,GIB,,,,
GIN,Guinea,2020,GIN,134759520.0,94642408.0,10.60186,
GIN,Guinea,2021,GIN,159336992.0,99925656.0,12.597,
GIN,Guinea,2022,GIN,170314000.0,103895120.0,10.493041,
GIN,Guinea,2023,GIN,195788512.0,109652696.0,7.804976,
GIN,Guinea,2024,GIN,222097664.0,115868384.0,8.1231394,
GIN,Guinea,2025,GIN,252086336.0,124078864.0,3.5001652,
GMB,Gambia,2020,GMB,93329.797,71727.133,5.9312763,29.76
GMB,Gambia,2021,GMB,105487.0,75497.086,7.3699999,29.76
GMB,Gambia,2022,GMB,121093.21,79644.141,11.51312,29.76
GMB,Gambia,2023,GMB,146701.89,83465.078,16.974213,6.4790001
GMB,Gambia,2024,GMB,168109.45,88261.578,11.563755,
GMB,Gambia,2025,GMB,191687.89,93479.43,9.2884588,
GNB,Guinea-Bissau,2020,GNB,803841.56,765024.13,1.4630001,2.4130001
GNB,Guinea-Bissau,2021,GNB,876729.06,805091.25,3.2739999,2.4130001
GNB,Guinea-Bissau,2022,GNB,984003.88,850056.69,9.3938389,2.6659999
GNB,Guinea-Bissau,2023,GNB,1116950.8,888000.63,10.062156,
GNB,Guinea-Bissau,2024,GNB,1185071.5,930744.38,3.7039957,
GNB,Guinea-Bissau,2025,GNB,1282831.3,978212.38,2.0,
GNQ,Equatorial Guinea,2020,GNQ,5694742.0,5657753.5,4.7697048,
GNQ,Equatorial Guinea,2021,GNQ,6774079.0,5706425.5,-0.093999997,
GNQ,Equatorial Guinea,2022,GNQ,8412515.0,5890373.0,4.7867169,
GNQ,Equatorial Guinea,2023,GNQ,7349759.0,5590593.5,4.3136373,
GNQ,Equatorial Guinea,2024,GNQ,7602050.0,5641313.5,2.9214022,
GNQ,Equatorial Guinea,2025,GNQ,8053299.0,5404127.0,3.999577,
GRC,Greece,2020,GRC,167539.5,168619.8,-1.2622299,16.325001
GRC,Greece,2021,GRC,184574.59,183213.0,0.57411146,14.775
GRC,Greece,2022,GRC,207854.2,193736.09,9.2996016,12.425
GRC,Greece,2023,GRC,225196.91,198254.3,4.1548963,11.075
GRC,Greece,2024,GRC,238628.83,202899.72,2.9642773,10.1
GRC,Greece,2025,GRC,250181.2,207301.38,2.7351837,9.3806953
GRD,Grenada,2020,GRD,2817.21,2642.79,-0.74199998,13.464
GRD,Grenada,2021,GRD,3031.613,2766.6702,1.22,13.035
GRD,Grenada,2022,GRD,3306.3601,2969.2109,2.6500001,13.035
GRD,Grenada,2023,GRD,3555.1799,3108.1628,2.8610642,6.3400002
GRD,Grenada,2024,GRD,3736.2986,3222.9492,1.0861536,
GRD,Grenada,2025,GRD,3930.2241,3348.5667,1.2553381,
GRL,Greenland,2020,GRL,20168.699,18267.58,,
GRL,Greenland,2021,GRL,20343.9,18566.09,,
GRL,Greenland,2022,GRL,20705.662,18938.258,,
GRL,Greenland,2023,GRL,20949.725,19102.256,,
GRL,Greenland,2024,GRL,,,,
GTM,Guatemala,2020,GTM,600122.5,532244.25,3.2144406,2.1930001
GTM,Guatemala,2021,GTM,668860.88,575045.81,4.2610512,2.174
GTM,Guatemala,2022,GTM,740968.63,599108.69,6.885128,3.0510001
GTM,Guatemala,2023,GTM,818054.06,620276.13,6.266397,2.3440001
GTM,Guatemala,2024,GTM,878951.56,642927.75,2.8699276,
GTM,Guatemala,2025,GTM,942262.38,669287.06,2.9719999,
GUM,Guam,2020,GUM,5916.0,5332.5474,,
GUM,Guam,2021,GUM,6234.0,5442.3008,,
GUM,Guam,2022,GUM,6910.0,5719.8506,,
GUM,Guam,2023,GUM,,,,
GUM,Guam,2024,GUM,,,,
GUY,Guyana,2020,GUY,1141341.1,1502472.6,0.722,
GUY,Guyana,2021,GUY,1677280.0,1803868.6,3.3210001,
GUY,Guyana,2022,GUY,3068783.8,2946342.3,6.0180612,
GUY,Guyana,2023,GUY,3478385.8,3942058.8,2.8211033,
GUY,Guyana,2024,GUY,5106175.0,5651809.0,2.9039524,
GUY,Guyana,2025,GUY,5347126.0,6234801.5,3.5570636,
HKG,Hong Kong,2020,HKG,2675793.0,2403797.3,0.32543707,5.5250001
HKG,Hong Kong,2021,HKG,2867973.0,2558948.5,1.5687584,5.408
HKG,Hong Kong,2022,HKG,2808981.0,2464683.3,1.8813671,4.3499999
HKG,Hong Kong,2023,HKG,2981601.0,2543910.3,1.9436346,2.9000001
HKG,Hong Kong,2024,HKG,3174874.0,2608556.0,1.729721,2.9879999
HKG,Hong Kong,2025,HKG,3289734.3,2648255.5,1.900627,3.539
HND,Honduras,2020,HND,574041.81,486222.81,3.4684117,10.912
HND,Honduras,2021,HND,675932.69,547318.06,4.4808798,8.5690002
HND,Honduras,2022,HND,769494.13,569996.56,9.0896387,8.8999996
HND,Honduras,2023,HND,846309.19,590378.75,6.6632519,6.0710001
HND,Honduras,2024,HND,921090.75,611360.69,4.6062112,8.0050001
HND,Honduras,2025,HND,998435.31,631534.94,4.7400436,8.0
HRV,Croatia,2020,HRV,50747.105,47785.324,0.01860089,9.0
HRV,Croatia,2021,HRV,58346.84,53821.418,2.6739872,8.092
HRV,Croatia,2022,HRV,67615.063,57743.891,10.670184,6.783
HRV,Croatia,2023,HRV,78048.477,59650.91,8.3932858,6.0999999
HRV,Croatia,2024,HRV,85677.227,61865.844,3.9075742,5.0
HRV,Croatia,2025,HRV,91698.047,63724.676,3.2576118,5.0978794
HTI,Haiti,2020,HTI,1547377.9,726258.56,22.79631,
HTI,Haiti,2021,HTI,1699208.6,713198.69,15.941,
HTI,Haiti,2022,HTI,2168223.0,701202.75,33.983932,
HTI,Haiti,2023,HTI,2798324.0,688133.19,43.577099,
HTI,Haiti,2024,HTI,3336427.0,659440.56,26.949057,
HTI,Haiti,2025,HTI,4300587.0,652845.25,27.152643,
HUN,Hungary,2020,HUN,48807768.0,39612116.0,3.3267438,4.125
HUN,Hungary,2021,HUN,55556988.0,42432952.0,5.1109653,4.0500002
HUN,Hungary,2022,HUN,66165628.0,44240980.0,14.608144,3.5999999
HUN,Hungary,2023,HUN,75086592.0,43822360.0,17.124966,4.0749998
HUN,Hungary,2024,HUN,81286304.0,44064764.0,3.800709,4.5
HUN,Hungary,2025,HUN,85791704.0,44973860.0,3.2690408,4.4974823
IDN,Indonesia,2020,IDN,15443353600.0,13759712256.0,1.9198337,7.0700002
IDN,Indonesia,2021,IDN,16976751616.0,14269218816.0,1.5600797,6.4899998
IDN,Indonesia,2022,IDN,19588089856.0,15026546688.0,4.209456,5.8600001
IDN,Indonesia,2023,IDN,20892377088.0,15785102336.0,3.6694012,5.3200002
IDN,Indonesia,2024,IDN,22144567296.0,16582392832.0,2.2878959,4.9099998
IDN,Indonesia,2025,IDN,23826948096.0,17448341504.0,2.2354624,5.0
IMN,Isle of Man,2020,IMN,5213.6958,4764.7783,,
IMN,Isle of Man,2021,IMN,5766.4932,4947.6431,,
IMN,Isle of Man,2022,IMN,6028.9941,4741.5542,,
IMN,Isle of Man,2023,IMN,,,,
IMN,Isle of Man,2024,IMN,,,,
IND,India,2020,IND,198540960.0,165886016.0,6.1655445,8.6619997
IND,India,2021,IND,235973984.0,181959696.0,5.5095143,7.3649998
IND,India,2022,IND,269496448.0,194673280.0,6.6515384,5.3000002
IND,India,2023,IND,295356672.0,210544880.0,5.3546906,4.9390001
IND,India,2024,IND,325449344.0,224883840.0,4.7532363,4.1754999
IND,India,2025,IND,359537216.0,240452400.0,4.1958327,4.9390001
IRL,Ireland,2020,IRL,382938.28,370143.16,-0.45909166,5.842
IRL,Ireland,2021,IRL,448197.69,428324.31,2.4213474,6.2579999
IRL,Ireland,2022,IRL,520513.34,465445.16,8.0652943,4.467
IRL,Ireland,2023,IRL,510488.38,439056.03,5.2012796,4.3080001
IRL,Ireland,2024,IRL,517487.84,436696.69,1.5231138,4.3000002
IRL,Ireland,2025,IRL,544751.0,452683.5,1.8592039,4.2230425
IRN,Iran,2020,IRN,40791375872.0,13306335232.0,36.5,9.6000004
IRN,Iran,2021,IRN,66774503424.0,13934364672.0,43.389015,9.1750002
IRN,Iran,2022,IRN,104350048256.0,14460613632.0,36.164375,9.0
IRN,Iran,2023,IRN,143039266816.0,15190136832.0,44.579185,8.0749998
IRN,Iran,2024,IRN,197859590144.0,15651915776.0,32.455872,7.7649999
IRN,Iran,2025,IRN,284515270656.0,15700325376.0,43.327312,9.5
IRQ,Iraq,2020,IRQ,215661520.0,207177520.0,0.57300001,8.6459999
IRQ,Iraq,2021,IRQ,301152832.0,210289696.0,6.0418649,16.173
IRQ,Iraq,2022,IRQ,383064160.0,227026752.0,4.9947658,
IRQ,Iraq,2023,IRQ,304640768.0,228202080.0,4.4875255,
IRQ,Iraq,2024,IRQ,313039424.0,224675792.0,-12.296984,
IRQ,Iraq,2025,IRQ,291088032.0,221297888.0,2.4999413,
ISL,Iceland,2020,ISL,2929165.3,2544876.0,2.8479187,6.2670002
ISL,Iceland,2021,ISL,3279523.8,2678589.0,4.4442434,5.842
ISL,Iceland,2022,ISL,3892030.8,2919461.5,8.308754,3.592
ISL,Iceland,2023,ISL,4321079.0,3066520.0,8.7363062,3.375
ISL,Iceland,2024,ISL,4552953.0,3086652.5,5.9614406,3.4752059
ISL,Iceland,2025,ISL,4808192.0,3158795.0,4.1325021,3.7537944
ISR,Israel,2020,ISR,1422389.0,1371576.4,-0.61441237,4.3080001
ISR,Israel,2021,ISR,1591182.6,1500898.0,1.5102005,4.967
ISR,Israel,2022,ISR,1772848.8,1594225.9,4.3935966,3.767
ISR,Israel,2023,ISR,1883604.4,1623935.4,4.2253523,3.4497614
ISR,Israel,2024,ISR,1992811.6,1632955.3,3.1438775,2.9772518
ISR,Israel,2025,ISR,2103894.0,1672875.9,3.5635202,2.5174603
ITA,Italy,2020,ITA,1668854.8,1577720.4,-0.14538406,9.3579998
ITA,Italy,2021,ITA,1838939.4,1716463.8,1.9412764,9.5080004
ITA,Italy,2022,ITA,1995936.8,1799004.0,8.7360153,8.125
ITA,Italy,2023,ITA,2128815.0,1813295.0,5.9033856,7.6830001
ITA,Italy,2024,ITA,2183692.3,1822005.0,1.2123214,6.5
ITA,Italy,2025,ITA,2258176.0,1838334.0,2.0574088,6.0233321
JAM,Jamaica,2020,JAM,1966928.5,1573549.8,5.226778,10.2
JAM,Jamaica,2021,JAM,2210218.5,1645955.5,5.8599935,8.375
JAM,Jamaica,2022,JAM,2623255.0,1731899.4,10.349568,6.2670002
JAM,Jamaica,2023,JAM,2994281.0,1777009.6,6.618937,4.4000001
JAM,Jamaica,2024,JAM,3117922.5,1764236.4,5.4119444,4.1750002
JAM,Jamaica,2025,JAM,3366852.3,1801284.8,4.9999275,
JEY,Jersey,2020,JEY,,,,
JEY,Jersey,2021,JEY,,,,
JEY,Jersey,2022,JEY,,,,
JEY,Jersey,2023,JEY,,,,
JEY,Jersey,2024,JEY,,,,
JOR,Jordan,2020,JOR,31027.271,29367.477,0.33329436,22.700001
JOR,Jordan,2021,JOR,32870.23,30441.047,1.3468957,24.075001
JOR,Jordan,2022,JOR,34543.902,31246.955,4.2291555,22.85
JOR,Jordan,2023,JOR,36077.688,32148.141,2.0848699,16.62475
JOR,Jordan,2024,JOR,37676.348,32948.273,1.5565962,
JOR,Jordan,2025,JOR,39562.156,33804.613,3.6165321,
JPN,Japan,2020,JPN,539648768.0,529456480.0,0.008332639,2.8
JPN,Japan,2021,JPN,553150784.0,543789504.0,-0.25829029,2.8169999
JPN,Japan,2022,JPN,561751296.0,550087424.0,2.5060563,2.592
JPN,Japan,2023,JPN,592966208.0,559224384.0,3.2515688,2.575
JPN,Japan,2024,JPN,607961344.0,557688896.0,2.5915565,2.5445182
JPN,Japan,2025,JPN,627944832.0,565849984.0,1.9178326,2.4026561
KAZ,Kazakhstan,2020,KAZ,70649032.0,45638176.0,6.749002,4.9250002
KAZ,Kazakhstan,2021,KAZ,83951584.0,47600616.0,8.0019999,4.9000001
KAZ,Kazakhstan,2022,KAZ,103765520.0,49123836.0,14.35558,4.875
KAZ,Kazakhstan,2023,KAZ,120561096.0,51629152.0,14.716802,4.6999998
KAZ,Kazakhstan,2024,KAZ,136518544.0,54107352.0,8.8394394,4.6739998
KAZ,Kazakhstan,2025,KAZ,156961584.0,56748080.0,9.9223738,4.6479998
KEN,Kenya,2020,KEN,10715070.0,8250451.5,5.4048147,5.0139999
KEN,Kenya,2021,KEN,12027662.0,8876701.0,6.110909,5.6942501
KEN,Kenya,2022,KEN,13489642.0,9308107.0,7.6568747,5.58425
KEN,Kenya,2023,KEN,15108806.0,9825254.0,7.6750002,
KEN,Kenya,2024,KEN,16785222.0,10267046.0,4.4897885,
KEN,Kenya,2025,KEN,18255166.0,10760903.0,4.0629635,
KGZ,Kyrgyzstan,2020,KGZ,639688.63,479309.0,6.3254228,4.9039998
KGZ,Kyrgyzstan,2021,KGZ,782854.31,505704.56,11.908779,5.4629998
KGZ,Kyrgyzstan,2022,KGZ,1020744.6,551053.69,13.92291,4.9000001
KGZ,Kyrgyzstan,2023,KGZ,1228898.8,600721.75,10.753277,3.5172501
KGZ,Kyrgyzstan,2024,KGZ,1403509.4,655027.81,5.0204892,3.983
KGZ,Kyrgyzstan,2025,KGZ,1624870.3,699721.06,6.9668741,3.983
KHM,Cambodia,2020,KHM,140865472.0,129116896.0,2.9402952,0.17200001
KHM,Cambodia,2021,KHM,148224016.0,133106400.0,2.9207349,1.0
KHM,Cambodia,2022,KHM,162504608.0,139934640.0,5.3437028,
KHM,Cambodia,2023,KHM,176034992.0,146941616.0,2.1274679,
KHM,Cambodia,2024,KHM,190944288.0,155781360.0,0.87223965,
KHM,Cambodia,2025,KHM,201461024.0,162021168.0,1.0034215,
KIR,Kiribati,2020,KIR,320.98358,298.27542,2.4820001,25.246363
KIR,Kiribati,2021,KIR,379.74481,323.56839,3.0,
KIR,Kiribati,2022,KIR,389.30762,338.3436,5.3400002,
KIR,Kiribati,2023,KIR,434.41428,347.3165,9.2770004,
KIR,Kiribati,2024,KIR,466.52197,365.60931,2.4883726,
KIR,Kiribati,2025,KIR,496.49127,380.1561,4.6357107,
KNA,Saint Kitts and Nevis,2020,KNA,2386.5901,2394.1587,-0.58899999,
KNA,Saint Kitts and Nevis,2021,KNA,2318.28,2402.9597,0.20200001,
KNA,Saint Kitts and Nevis,2022,KNA,2649.8601,2651.4834,2.6673884,
KNA,Saint Kitts and Nevis,2023,KNA,2856.3201,2766.2544,3.9980488,
KNA,Saint Kitts and Nevis,2024,KNA,2883.1592,2798.521,1.0435817,
KNA,Saint Kitts and Nevis,2025,KNA,2912.7839,2852.9766,1.7482948,
KOR,South Korea,2020,KOR,2058466560.0,1947261568.0,0.53728801,3.9549999
KOR,South Korea,2021,KOR,2221912832.0,2037088000.0,2.4983332,3.675
KOR,South Korea,2022,KOR,2323781376.0,2092650880.0,5.0895138,2.8829999
KOR,South Korea,2023,KOR,2401189376.0,2122034304.0,3.5974562,2.7079999
KOR,South Korea,2024,KOR,2563476224.0,2170501632.0,2.3112347,2.6533973
KOR,South Korea,2025,KOR,2675810304.0,2216230912.0,1.8396037,2.646632
KWT,Kuwait,2020,KWT,34005.789,33812.172,1.0,
KWT,Kuwait,2021,KWT,44781.707,34377.73,3.4236295,
KWT,Kuwait,2022,KWT,56331.691,36701.207,4.0640273,
KWT,Kuwait,2023,KWT,50287.684,36089.324,3.642164,
KWT,Kuwait,2024,KWT,48641.227,35165.395,2.898551,
KWT,Kuwait,2025,KWT,46963.91,35821.84,2.47089,
LAO,Laos,2020,LAO,172919392.0,151050000.0,5.1281362,2.5999999
LAO,Laos,2021,LAO,184981632.0,154869072.0,3.7556205,2.5999999
LAO,Laos,2022,LAO,215609392.0,159062048.0,22.956223,2.41294
LAO,Laos,2023,LAO,265475472.0,165020000.0,31.230135,
LAO,Laos,2024,LAO,315276896.0,172046976.0,23.130569,
LAO,Laos,2025,LAO,345662176.0,176387152.0,9.3694153,
LBN,Lebanon,2020,LBN,96905520.0,55367712.0,84.864334,13.284
LBN,Lebanon,2021,LBN,245572096.0,51491288.0,154.75868,12.669
LBN,Lebanon,2022,LBN,655209280.0,51171176.0,189.4364,11.6
LBN,Lebanon,2023,LBN,2090728960.0,50781980.0,221.34164,11.543
LBN,Lebanon,2024,LBN,2575027200.0,46973332.0,45.243042,
LBN,Lebanon,2025,LBN,,,,
LBR,Liberia,2020,LBR,3460.9631,2954.3872,11.894,
LBR,Liberia,2021,LBR,4124.7935,3101.7141,7.816,
LBR,Liberia,2022,LBR,4561.7368,3250.8474,7.5929999,
LBR,Liberia,2023,LBR,5039.2368,3403.1094,2.5551767,
LBR,Liberia,2024,LBR,5452.4775,3566.2173,8.2149744,
LBR,Liberia,2025,LBR,,,,
LBY,Libya,2020,LBY,65065.188,59387.402,22.256001,
LBY,Libya,2021,LBY,158988.67,76213.914,2.7690001,
LBY,Libya,2022,LBY,208151.56,69925.023,4.5100002,
LBY,Libya,2023,LBY,211910.88,77026.484,2.5551767,
LBY,Libya,2024,LBY,220026.48,76559.836,2.1261578,
LBY,Libya,2025,LBY,251241.53,89807.828,2.2903764,
LCA,Saint Lucia,2020,LCA,4048.04,4032.7356,0.34099999,25.225
LCA,Saint Lucia,2021,LCA,5041.3999,4500.4839,2.378,20.514
LCA,Saint Lucia,2022,LCA,6325.3301,5418.0625,6.3781471,15.92225
LCA,Saint Lucia,2023,LCA,6561.4502,5537.7954,3.651,
LCA,Saint Lucia,2024,LCA,6882.4702,5753.3125,-0.11028358,
LCA,Saint Lucia,2025,LCA,7181.5757,5928.123,0.69196993,
LIE,Liechtenstein,2020,LIE,6014.1001,6405.7832,-0.70493454,
LIE,Liechtenstein,2021,LIE,7230.8999,6443.1694,0.50709939,
LIE,Liechtenstein,2022,LIE,7044.8999,6625.8521,8.395483,
LIE,Liechtenstein,2023,LIE,7445.0,6766.8994,6.3502831,
LIE,Liechtenstein,2024,LIE,,,,
LIE,Liechtenstein,2025,LIE,,,,
LKA,Sri Lanka,2020,LKA,15671535.0,12595550.0,6.153945,5.5
LKA,Sri Lanka,2021,LKA,17612370.0,13125505.0,7.0147805,5.0999999
LKA,Sri Lanka,2022,LKA,24063762.0,12160886.0,44.948849,4.6999998
LKA,Sri Lanka,2023,LKA,27629666.0,11877555.0,16.541174,4.6999998
LKA,Sri Lanka,2024,LKA,30127396.0,12472468.0,-0.42936006,4.75
LKA,Sri Lanka,2025,LKA,,,,
LSO,Lesotho,2020,LSO,33802.063,26951.854,4.978097,
LSO,Lesotho,2021,LSO,35648.094,27562.773,6.0486712,
LSO,Lesotho,2022,LSO,38517.723,28220.914,8.2718039,
LSO,Lesotho,2023,LSO,39076.926,28736.402,6.3422174,
LSO,Lesotho,2024,LSO,41634.313,29530.17,6.1054463,
LSO,Lesotho,2025,LSO,43844.668,29978.496,4.2656341,
LTU,Lithuania,2020,LTU,50264.605,44184.355,1.0619752,8.4879999
LTU,Lithuania,2021,LTU,56679.66,47003.324,4.6250958,7.1129999
LTU,Lithuania,2022,LTU,67455.461,48196.043,18.857546,5.9499998
LTU,Lithuania,2023,LTU,73792.836,48361.0,8.6851702,6.875
LTU,Lithuania,2024,LTU,78591.641,49539.203,0.93223023,7.0999999
LTU,Lithuania,2025,LTU,83738.25,51083.199,2.2708373,6.8563576
LUX,Luxembourg,2020,LUX,64515.781,59620.883,0.0039335079,6.3590002
LUX,Luxembourg,2021,LUX,72255.32,63887.898,3.4739375,5.7389998
LUX,Luxembourg,2022,LUX,77755.43,64783.953,8.1560659,4.809
LUX,Luxembourg,2023,LUX,79651.617,64064.488,2.924885,5.1999998
LUX,Luxembourg,2024,LUX,83044.625,64812.652,2.2987344,6.4000001
LUX,Luxembourg,2025,LUX,87177.117,66281.641,2.3675995,6.0303473
LVA,Latvia,2020,LVA,29224.34,25522.982,0.080622867,8.099
LVA,Latvia,2021,LVA,32285.301,27296.123,3.2391956,7.5570002
LVA,Latvia,2022,LVA,36103.656,27790.914,17.244711,6.8509998
LVA,Latvia,2023,LVA,39072.484,28265.248,9.0576038,6.506
LVA,Latvia,2024,LVA,39612.879,28181.484,1.1565119,6.9000001
LVA,Latvia,2025,LVA,41130.176,28727.934,1.9634004,6.7140532
MAC,Macau,2020,MAC,202471.0,185818.25,0.81099999,2.55
MAC,Macau,2021,MAC,247926.0,229552.22,0.026802247,2.95
MAC,Macau,2022,MAC,201623.0,184538.52,1.045028,3.675
MAC,Macau,2023,MAC,369328.0,323056.59,0.93599999,2.6500001
MAC,Macau,2024,MAC,403314.0,351511.94,0.73851025,1.8
MAC,Macau,2025,MAC,426500.94,364146.28,0.8638683,1.7
MAF,Saint Martin,2020,MAF,557.40002,,,
MAF,Saint Martin,2021,MAF,548.90002,,,
MAF,Saint Martin,2022,MAF,,,,
MAF,Saint Martin,2023,MAF,,,,
MAF,Saint Martin,2024,MAF,,,,
MAR,Morocco,2020,MAR,1152477.0,1120712.3,0.70596868,11.9
MAR,Morocco,2021,MAR,1276563.0,1212103.5,1.3988289,12.3
MAR,Morocco,2022,MAR,1330558.0,1230614.8,6.657042,11.8
MAR,Morocco,2023,MAR,1463358.0,1272496.9,6.0911417,13.0
MAR,Morocco,2024,MAR,1579096.5,1313681.4,0.9853,13.3
MAR,Morocco,2025,MAR,1678540.5,1364986.3,2.1524854,13.178
MCO,Monaco,2020,MCO,5892.7998,5530.4014,,
MCO,Monaco,2021,MCO,7290.8999,6759.9316,,
MCO,Monaco,2022,MCO,8357.0996,7506.6973,,
MCO,Monaco,2023,MCO,9244.0996,7885.2891,,
MCO,Monaco,2024,MCO,,,,
MCO,Monaco,2025,MCO,,,,
MDA,Moldova,2020,MDA,199733.69,158135.59,3.7659712,3.825
MDA,Moldova,2021,MDA,242078.63,180163.89,5.1064115,3.2509999
MDA,Moldova,2022,MDA,274488.06,171876.34,28.737297,3.109
MDA,Moldova,2023,MDA,300466.25,173938.88,16.83168,1.5732501
MDA,Moldova,2024,MDA,320522.94,174118.13,4.6777353,1.42775
MDA,Moldova,2025,MDA,351385.78,175168.92,7.9600978,3.5009999
MDG,Madagascar,2020,MDG,49435648.0,35921284.0,4.2017932,5.8000002
MDG,Madagascar,2021,MDG,54978304.0,37591868.0,5.8189998,5.8000002
MDG,Madagascar,2022,MDG,62775452.0,39154224.0,8.1605902,3.1860001
MDG,Madagascar,2023,MDG,70297184.0,40799892.0,9.8610001,
MDG,Madagascar,2024,MDG,78836584.0,42513488.0,7.6390376,
MDG,Madagascar,2025,MDG,88781536.0,44188520.0,8.4297428,
MDV,Maldives,2020,MDV,57104.574,56290.762,-1.3697742,5.2943501
MDV,Maldives,2021,MDV,80744.438,77404.219,0.54314971,5.2943501
MDV,Maldives,2022,MDV,95045.0,88106.203,2.3331435,5.0999999
MDV,Maldives,2023,MDV,101412.73,92270.445,3.1560137,
MDV,Maldives,2024,MDV,107341.89,97007.578,1.3997978,
MDV,Maldives,2025,MDV,114391.17,101343.7,2.0077102,
MEX,Mexico,2020,MEX,24086758.0,18557432.0,3.3968341,4.4070001
MEX,Mexico,2021,MEX,26690034.0,19679876.0,5.6892085,4.1409998
MEX,Mexico,2022,MEX,29472734.0,20405890.0,7.896276,3.2739999
MEX,Mexico,2023,MEX,31772376.0,21058872.0,5.5279608,2.7969999
MEX,Mexico,2024,MEX,33591284.0,21348562.0,4.7363715,2.7041996
MEX,Mexico,2025,MEX,35052564.0,21615308.0,3.3377123,2.8390365
MHL,Marshall Islands,2020,MHL,241.72235,220.05499,0.61400002,6.342
MHL,Marshall Islands,2021,MHL,259.53867,222.74466,2.605,9.823
MHL,Marshall Islands,2022,MHL,263.77747,220.25423,6.1630001,
MHL,Marshall Islands,2023,MHL,269.92511,211.58749,6.7529998,
MHL,Marshall Islands,2024,MHL,291.84579,217.45053,5.363584,
MHL,Marshall Islands,2025,MHL,309.56503,223.43539,3.263525,
MKD,Macedonia,2020,MKD,669280.19,592084.5,1.2000735,16.15
MKD,Macedonia,2021,MKD,729444.5,618792.19,3.2307491,15.425
MKD,Macedonia,2022,MKD,816083.81,635861.81,14.204718,14.375
MKD,Macedonia,2023,MKD,897693.63,649042.38,9.3618727,13.05
MKD,Macedonia,2024,MKD,948904.5,666930.38,3.486146,12.266
MKD,Macedonia,2025,MKD,1022390.4,688271.69,3.4002454,12.841
MLI,Mali,2020,MLI,10052836.0,9418098.0,0.43808895,3.5280001
MLI,Mali,2021,MLI,10707690.0,9710148.0,3.9256029,3.5280001
MLI,Mali,2022,MLI,11714408.0,10050808.0,9.7853937,2.3870001
MLI,Mali,2023,MLI,12532820.0,10524920.0,2.0588024,
MLI,Mali,2024,MLI,13399351.0,11051645.0,3.1767604,
MLI,Mali,2025,MLI,14337037.0,11593176.0,2.9998093,
MLT,Malta,2020,MLT,14362.4,12944.9,0.63854498,4.8499999
MLT,Malta,2021,MLT,16689.9,14681.0,1.5,3.767
MLT,Malta,2022,MLT,17974.699,15045.5,6.1537561,3.4749999
MLT,Malta,2023,MLT,20911.199,16643.6,5.1109271,3.5
MLT,Malta,2024,MLT,23071.0,17775.301,1.650438,3.0999999
MLT,Malta,2025,MLT,24628.055,18509.023,2.0839264,3.0999999
MMR,Myanmar,2020,MMR,110487728.0,84161232.0,6.1129999,11.535
MMR,Myanmar,2021,MMR,113480192.0,74048104.0,5.026,
MMR,Myanmar,2022,MMR,125338952.0,77037792.0,16.225,
MMR,Myanmar,2023,MMR,136111568.0,77776152.0,27.1,
MMR,Myanmar,2024,MMR,151040640.0,77020136.0,26.50001,
MMR,Myanmar,2025,MMR,163920400.0,78486296.0,29.999655,
MNE,Montenegro,2020,MNE,4185.6001,3648.6001,-0.25565571,17.9
MNE,Montenegro,2021,MNE,4955.1001,4124.5,2.4108019,16.64875
MNE,Montenegro,2022,MNE,5924.0,4388.7002,13.040303,14.88275
MNE,Montenegro,2023,MNE,6963.6001,4666.8999,8.5847692,13.146
MNE,Montenegro,2024,MNE,7459.2002,4808.7998,3.5999999,
MNE,Montenegro,2025,MNE,7998.4678,4963.1152,3.3314114,
MNG,Mongolia,2020,MNG,37453300.0,26655400.0,3.6931691,6.6999998
MNG,Mongolia,2021,MNG,43555500.0,27091686.0,7.0985641,8.3000002
MNG,Mongolia,2022,MNG,53851500.0,28455132.0,15.147956,6.4000001
MNG,Mongolia,2023,MNG,68871696.0,30567102.0,10.347583,5.3000002
MNG,Mongolia,2024,MNG,77583768.0,32053888.0,6.8028488,5.8097501
MNG,Mongolia,2025,MNG,88982696.0,33990764.0,9.5192986,5.0
MNP,Northern Mariana Islands,2020,MNP,866.0,732.41211,,
MNP,Northern Mariana Islands,2021,MNP,914.0,768.81213,,
MNP,Northern Mariana Islands,2022,MNP,1096.0,896.76367,,
MNP,Northern Mariana Islands,2023,MNP,,,,
MNP,Northern Mariana Islands,2024,MNP,,,,
MOZ,Mozambique,2020,MOZ,988863.5,728397.19,3.631,
MOZ,Mozambique,2021,MOZ,1058441.8,745714.44,5.6884871,
MOZ,Mozambique,2022,MOZ,1205729.1,778260.75,10.279402,
MOZ,Mozambique,2023,MOZ,1338677.9,820573.69,7.1269751,
MOZ,Mozambique,2024,MOZ,1432536.0,835768.81,4.0785685,
MOZ,Mozambique,2025,MOZ,1571036.8,856862.38,4.9000988,
MRT,Mauritania,2020,MRT,307210.5,231991.27,2.385695,
MRT,Mauritania,2021,MRT,332595.41,233714.31,3.767,
MRT,Mauritania,2022,MRT,353023.5,249597.53,9.5252666,
MRT,Mauritania,2023,MRT,388672.41,265839.31,4.9489999,
MRT,Mauritania,2024,MRT,426551.47,279662.97,2.4916434,
MRT,Mauritania,2025,MRT,459214.94,292094.09,3.4998808,
MSR,Montserrat,2020,MSR,180.49001,202.17274,-1.89,8.3319998
MSR,Montserrat,2021,MSR,190.47,213.25264,1.67,
MSR,Montserrat,2022,MSR,195.11,218.62372,7.6568747,
MSR,Montserrat,2023,MSR,217.16,234.56265,-1.0894195,
MSR,Montserrat,2024,MSR,,,3.0702755,
MUS,Mauritius,2020,MUS,448874.0,415545.63,2.5808008,9.1999998
MUS,Mauritius,2021,MUS,478807.0,429689.97,4.0285287,9.1000004
MUS,Mauritius,2022,MUS,571194.0,467043.22,10.773751,6.803
MUS,Mauritius,2023,MUS,651718.0,490431.84,7.0529823,6.1059999
MUS,Mauritius,2024,MUS,708582.88,513452.25,3.5823674,5.8000002
MUS,Mauritius,2025,MUS,750832.31,528855.56,3.5992346,5.8860002
MWI,Malawi,2020,MWI,8821424.0,4865501.0,8.625515,0.90700001
MWI,Malawi,2021,MWI,9975522.0,5087285.0,9.3430004,
MWI,Malawi,2022,MWI,11849637.0,5134144.5,20.95397,
MWI,Malawi,2023,MWI,14660762.0,5231306.0,28.789743,
MWI,Malawi,2024,MWI,19008574.0,5326874.5,32.179649,
MWI,Malawi,2025,MWI,24162278.0,5513315.0,24.212915,
MYS,Malaysia,2020,MYS,1418491.0,1346249.0,-1.1387022,4.5250001
MYS,Malaysia,2021,MYS,1548898.0,1390881.8,2.4771025,4.5999999
MYS,Malaysia,2022,MYS,1791358.0,1514139.3,3.3786986,3.9000001
MYS,Malaysia,2023,MYS,1822647.0,1567974.3,2.7956436,3.2
MYS,Malaysia,2024,MYS,1930851.9,1648162.9,1.8341,3.2
MYS,Malaysia,2025,MYS,2060893.5,1715737.9,2.4301162,3.2
NAM,Namibia,2020,NAM,174243.08,133137.05,2.2093823,
NAM,Namibia,2021,NAM,183292.31,137935.06,3.6169052,
NAM,Namibia,2022,NAM,205548.5,145381.8,6.0812812,
NAM,Namibia,2023,NAM,227830.81,151840.84,5.8799348,
NAM,Namibia,2024,NAM,243966.0,157476.48,4.2390394,
NAM,Namibia,2025,NAM,264897.97,163435.48,3.7919331,
NCL,New Caledonia,2020,NCL,990000.0,920725.81,-0.52638245,13.558
NCL,New Caledonia,2021,NCL,1016000.0,901390.56,0.62281835,13.558
NCL,New Caledonia,2022,NCL,1092000.0,933343.44,3.6902392,10.71
NCL,New Caledonia,2023,NCL,1118919.0,929470.94,1.7469994,
NCL,New Caledonia,2024,NCL,,,,
NER,Niger,2020,NER,7910954.5,7476520.5,2.7620001,0.54400003
NER,Niger,2021,NER,8270826.0,7579965.5,3.837868,0.54400003
NER,Niger,2022,NER,9627015.0,8481981.0,4.2262177,0.403
NER,Niger,2023,NER,10202000.0,8623430.0,3.7009733,
NER,Niger,2024,NER,11886563.0,9349660.0,9.0777235,
NER,Niger,2025,NER,13151068.0,9965549.0,4.7000389,
NGA,Nigeria,2020,NGA,154252000.0,97616616.0,13.247,10.695
NGA,Nigeria,2021,NGA,176076000.0,101176872.0,16.952791,10.695
NGA,Nigeria,2022,NGA,202364992.0,104466824.0,18.530788,3.8269999
NGA,Nigeria,2023,NGA,234425920.0,107454808.0,23.315891,3.0739999
NGA,Nigeria,2024,NGA,277493792.0,111136680.0,33.242096,
NGA,Nigeria,2025,NGA,317405952.0,114513712.0,26.451,
NIC,Nicaragua,2020,NIC,435511.31,348983.84,3.6818135,4.8150001
NIC,Nicaragua,2021,NIC,497460.72,385467.94,4.9284139,3.6719999
NIC,Nicaragua,2022,NIC,561430.81,399153.22,10.467424,3.5250001
NIC,Nicaragua,2023,NIC,649717.63,416826.72,9.3422832,3.362
NIC,Nicaragua,2024,NIC,721278.31,431781.72,4.6247382,3.362
NIC,Nicaragua,2025,NIC,774134.38,445597.5,3.9998703,3.362
NIU,Niue,2020,NIU,44.030998,36.085297,5.1324115,11.24498
NIU,Niue,2021,NIU,38.058998,33.857716,0.84707981,11.24498
NIU,Niue,2022,NIU,,,3.0503979,5.8751531
NIU,Niue,2023,NIU,,,14.071214,
NLD,Netherlands,2020,NLD,816699.0,740492.0,1.1123629,4.8509998
NLD,Netherlands,2021,NLD,891318.0,786453.75,2.826668,4.2259998
NLD,Netherlands,2022,NLD,993687.0,825834.88,11.635361,3.5369999
NLD,Netherlands,2023,NLD,1067619.0,826542.5,4.0961633,3.553
NLD,Netherlands,2024,NLD,1131829.3,833996.88,3.1966803,3.7
NLD,Netherlands,2025,NLD,1175155.6,847707.13,2.6607857,3.7817931
NOR,Norway,2020,NOR,3461575.0,3266033.0,1.3017306,4.5949998
NOR,Norway,2021,NOR,4323932.0,3393692.3,3.4613385,4.4099998
NOR,Norway,2022,NOR,5732905.0,3503859.8,5.7793093,3.2520001
NOR,Norway,2023,NOR,5096862.0,3504157.3,5.5110626,3.595
NOR,Norway,2024,NOR,5098128.0,3547607.8,3.2233694,3.9806218
NOR,Norway,2025,NOR,5278179.5,3606765.3,2.6416655,4.084527
NPL,Nepal,2020,NPL,3888704.0,2972746.0,5.0523667,11.535
NPL,Nepal,2021,NPL,4352550.0,3116571.8,3.599,
NPL,Nepal,2022,NPL,4976558.0,3292075.8,7.5931039,
NPL,Nepal,2023,NPL,5348528.0,3357342.8,7.1147594,
NPL,Nepal,2024,NPL,5689451.5,3480402.0,5.4229569,
NPL,Nepal,2025,NPL,6207583.5,3621242.3,4.8629999,
NRU,Nauru,2020,NRU,215.03159,148.90488,0.89099997,18.0
NRU,Nauru,2021,NRU,271.67969,159.63585,1.2,5.0
NRU,Nauru,2022,NRU,245.08977,164.34752,2.573,
NRU,Nauru,2023,NRU,264.74319,165.40988,6.2030001,
NRU,Nauru,2024,NRU,287.75055,168.32152,11.573399,
NRU,Nauru,2025,NRU,307.71686,171.78017,7.3265986,
NZL,New Zealand,2020,NZL,323183.0,289651.31,1.7145617,4.5999999
NZL,New Zealand,2021,NZL,352727.0,306822.94,3.9411206,3.7750001
NZL,New Zealand,2022,NZL,380984.0,313620.25,7.172225,3.3
NZL,New Zealand,2023,NZL,404835.0,316455.94,5.7331629,3.7249999
NZL,New Zealand,2024,NZL,420507.56,318301.81,2.8668187,4.7361894
NZL,New Zealand,2025,NZL,436714.63,322670.47,2.0065477,5.3344264
OMN,Oman,2020,OMN,29187.164,30854.877,-0.90387487,2.9400001
OMN,Oman,2021,OMN,33576.039,31651.605,1.5466371,1.9
OMN,Oman,2022,OMN,42238.398,34179.207,2.811841,3.3
OMN,Oman,2023,OMN,40716.898,34584.965,0.94700003,
OMN,Oman,2024,OMN,41119.5,35163.941,0.59358925,
OMN,Oman,2025,OMN,40123.488,35983.715,1.4993297,
PAK,Pakistan,2020,PAK,47540408.0,36374912.0,9.7399931,6.5619998
PAK,Pakistan,2021,PAK,55836224.0,38744332.0,9.4962101,6.3000002
PAK,Pakistan,2022,PAK,66639672.0,40595580.0,19.873859,6.1999998
PAK,Pakistan,2023,PAK,84068752.0,40579404.0,30.768127,8.5
PAK,Pakistan,2024,PAK,105668024.0,41892060.0,12.632532,8.25
PAK,Pakistan,2025,PAK,115503448.0,43001832.0,5.126338,8.0
PAN,Panama,2020,PAN,57086.801,54053.48,-1.5502754,18.548
PAN,Panama,2021,PAN,67406.703,62954.535,1.6307033,11.293
PAN,Panama,2022,PAN,76522.516,69734.523,2.8574829,8.8000002
PAN,Panama,2023,PAN,83382.398,74894.391,1.4864136,6.678
PAN,Panama,2024,PAN,86326.891,77037.625,0.69322556,8.6070004
PAN,Panama,2025,PAN,90252.008,80119.352,0.52451831,8.0
PER,Peru,2020,PER,703917.0,609978.13,1.8273027,13.036
PER,Peru,2021,PER,877264.44,690850.13,3.9790146,10.732
PER,Peru,2022,PER,943411.81,710372.88,7.8772359,7.7509999
PER,Peru,2023,PER,999159.69,707566.31,6.2643409,6.7839999
PER,Peru,2024,PER,1086164.0,729732.75,2.3843253,5.5764332
PER,Peru,2025,PER,1158585.4,749846.44,1.9681063,5.1150961
PHL,Philippines,2020,PHL,17951574.0,16313251.0,2.6352289,10.4
PHL,Philippines,2021,PHL,19410614.0,17245510.0,3.9271803,7.783
PHL,Philippines,2022,PHL,22028276.0,18552890.0,5.8211579,5.4000001
PHL,Philippines,2023,PHL,24318612.0,19576814.0,5.978025,4.3579998
PHL,Philippines,2024,PHL,26451862.0,20691130.0,3.212605,3.8080001
PHL,Philippines,2025,PHL,28507734.0,21824248.0,2.6090405,4.4829998
PLW,Palau,2020,PLW,258.99084,254.68492,0.22,0.69999999
PLW,Palau,2021,PLW,235.7529,219.55397,0.44999999,
PLW,Palau,2022,PLW,255.59106,216.6593,12.352664,
PLW,Palau,2023,PLW,281.84906,220.72607,12.65212,
PLW,Palau,2024,PLW,313.62112,236.69348,2.2317278,
PLW,Palau,2025,PLW,341.29358,249.84312,2.5270071,
PNG,Papua New Guinea,2020,PNG,82515.008,66266.578,3.3740001,3.0669999
PNG,Papua New Guinea,2021,PNG,91625.734,65927.719,4.4850001,3.24
PNG,Papua New Guinea,2022,PNG,111241.16,69690.602,5.2623239,2.779
PNG,Papua New Guinea,2023,PNG,111350.8,72346.43,1.5449452,2.7390001
PNG,Papua New Guinea,2024,PNG,125120.23,75309.039,0.60240394,
PNG,Papua New Guinea,2025,PNG,137851.27,78750.844,5.516757,
POL,Poland,2020,POL,2360890.5,2131863.0,3.3744698,3.1630001
POL,Poland,2021,POL,2660589.3,2277749.3,5.055027,3.3729999
POL,Poland,2022,POL,3096107.5,2403575.8,14.429451,2.8740001
POL,Poland,2023,POL,3400952.5,2404558.3,11.528913,2.8199999
POL,Poland,2024,POL,3620418.8,2472663.3,3.8381646,2.9000001
POL,Poland,2025,POL,3922131.5,2555829.0,5.033834,3.2139449
PRI,Puerto Rico,2020,PRI,103130.9,92359.438,-1.301,8.8000002
PRI,Puerto Rico,2021,PRI,106426.6,92715.227,2.4100001,8.0
PRI,Puerto Rico,2022,PRI,113567.2,95456.906,4.3179998,6.0
PRI,Puerto Rico,2023,PRI,117902.3,95932.375,0.0,5.9000001
PRI,Puerto Rico,2024,PRI,125338.98,99027.828,1.5929337,6.2410002
PRI,Puerto Rico,2025,PRI,126938.65,98234.883,2.0933111,6.5159998
PRK,North Korea,2020,PRK,1695761.3,1612282.5,,
PRK,North Korea,2021,PRK,1791921.5,1611389.9,,
PRK,North Korea,2022,PRK,1646972.8,1608942.6,,
PRK,North Korea,2023,PRK,1809129.5,1658106.0,,
PRK,North Korea,2024,PRK,,,,
PRK,North Korea,2025,PRK,,,,
PRT,Portugal,2020,PRT,201032.7,183560.73,-0.12133777,7.092
PRT,Portugal,2021,PRT,216493.75,193764.45,0.94130898,6.7249999
PRT,Portugal,2022,PRT,243957.08,207300.52,8.1026583,6.1919999
PRT,Portugal,2023,PRT,267384.34,212537.5,5.2642832,6.592
PRT,Portugal,2024,PRT,283382.22,216112.64,2.7308679,6.5
PRT,Portugal,2025,PRT,296192.59,220527.5,2.1648195,6.2974954
PRY,Paraguay,2020,PRY,239914736.0,209984480.0,1.7675159,7.5479999
PRY,Paraguay,2021,PRY,270633888.0,218418992.0,4.7879829,7.3109999
PRY,Paraguay,2022,PRY,292946784.0,218803488.0,9.7655668,6.7550001
PRY,Paraguay,2023,PRY,313094944.0,229741984.0,4.6320229,5.8860002
PRY,Paraguay,2024,PRY,334844864.0,239505936.0,3.8354027,5.8070002
PRY,Paraguay,2025,PRY,360000192.0,248607168.0,3.7127745,5.6919999
PSE,Palestine,2020,PSE,15531.7,14037.401,-0.73540002,25.924999
PSE,Palestine,2021,PSE,18109.0,15021.701,1.24,26.392
PSE,Palestine,2022,PSE,19165.5,15635.002,3.7069912,24.422251
PSE,Palestine,2023,PSE,17396.283,14922.701,5.8711019,24.76375
PSE,Palestine,2024,PSE,13364.159,10959.601,53.669147,
PSE,Palestine,2025,PSE,,,,
PYF,French Polynesia,2020,PYF,606540.56,594316.44,,
PYF,French Polynesia,2021,PYF,620478.0,606764.56,,
PYF,French Polynesia,2022,PYF,659815.0,633865.06,,
PYF,French Polynesia,2023,PYF,706000.0,652861.5,,
PYF,French Polynesia,2024,PYF,,,,
QAT,Qatar,2020,QAT,525657.38,587557.31,-2.5403149,0.14
QAT,Qatar,2021,QAT,654224.5,597115.94,2.3044658,0.14
QAT,Qatar,2022,QAT,857981.94,622105.31,4.9952755,0.13
QAT,Qatar,2023,QAT,775330.25,629490.69,3.0276489,
QAT,Qatar,2024,QAT,793458.0,646917.56,1.267343,
QAT,Qatar,2025,QAT,798201.5,662506.75,1.2300088,
ROU,Romania,2020,ROU,1069629.4,842413.88,2.6461127,6.0749998
ROU,Romania,2021,ROU,1192284.8,889131.75,5.0463829,5.6079998
ROU,Romania,2022,ROU,1389450.0,924388.5,13.80028,5.625
ROU,Romania,2023,ROU,1604554.0,946613.25,10.39684,5.5669999
ROU,Romania,2024,ROU,1777860.9,957704.38,5.5149932,5.4000001
ROU,Romania,2025,ROU,1907555.9,982830.5,3.8722935,5.4369149
RUS,Russian Federation,2020,RUS,107658200.0,86699840.0,3.3816602,5.7670002
RUS,Russian Federation,2021,RUS,135773696.0,91786312.0,6.6944561,4.8330002
RUS,Russian Federation,2022,RUS,155188896.0,90641728.0,13.759076,3.95
RUS,Russian Federation,2023,RUS,172148304.0,93949584.0,5.9573736,3.1670001
RUS,Russian Federation,2024,RUS,195318864.0,97634048.0,8.1780195,2.5169346
RUS,Russian Federation,2025,RUS,209780256.0,98736632.0,7.0412869,2.777
RWA,Rwanda,2020,RWA,9597000.0,7768499.5,9.850399,13.5615
RWA,Rwanda,2021,RWA,10943000.0,8612036.0,-0.39134675,15.64475
RWA,Rwanda,2022,RWA,13720000.0,9314883.0,17.689209,15.084
RWA,Rwanda,2023,RWA,16355000.0,10083351.0,19.789547,12.352
RWA,Rwanda,2024,RWA,18483256.0,10979828.0,1.7702924,
RWA,Rwanda,2025,RWA,20933574.0,11760385.0,6.9997945,
SAU,Saudi Arabia,2020,SAU,2753517.0,2607800.8,3.4454582,7.6500001
SAU,Saudi Arabia,2021,SAU,3278085.5,2777819.0,3.0632901,6.125
SAU,Saudi Arabia,2022,SAU,4157143.3,3111173.5,2.4740739,4.875
SAU,Saudi Arabia,2023,SAU,4003436.3,3128054.5,2.3270853,4.0
SAU,Saudi Arabia,2024,SAU,4073150.5,3184608.5,1.687921,3.517
SAU,Saudi Arabia,2025,SAU,4067109.3,3279808.8,1.9918779,
SDN,Sudan,2020,SDN,2587385.8,483498.84,17087.723,26.83
SDN,Sudan,2021,SDN,8518871.0,474464.56,359.091,28.327999
SDN,Sudan,2022,SDN,18298264.0,469920.09,138.80846,7.5300002
SDN,Sudan,2023,SDN,49394592.0,331607.22,171.47099,47.584999
SDN,Sudan,2024,SDN,146848560.0,286862.5,176.77917,60.848
SDN,Sudan,2025,SDN,295536736.0,285780.06,100.01221,61.985001
SEN,Senegal,2020,SEN,14119420.0,13517182.0,2.5474346,2.8735001
SEN,Senegal,2021,SEN,15261119.0,14401747.0,2.1803229,2.8735001
SEN,Senegal,2022,SEN,17227918.0,14956276.0,9.6968193,2.8369999
SEN,Senegal,2023,SEN,18444650.0,15593030.0,7.6675792,
SEN,Senegal,2024,SEN,20074946.0,16667702.0,0.80765313,
SEN,Senegal,2025,SEN,22205598.0,18075224.0,2.0356572,
SGP,Singapore,2020,SGP,482203.81,462685.28,-0.18191667,3.0
SGP,Singapore,2021,SGP,583221.5,507828.59,2.3048596,2.6500001
SGP,Singapore,2022,SGP,687230.38,528690.19,6.1210599,2.0999999
SGP,Singapore,2023,SGP,673300.31,538319.81,4.8214674,1.925
SGP,Singapore,2024,SGP,725630.25,561941.38,2.3895111,1.95
SGP,Singapore,2025,SGP,750396.06,573247.44,1.342,1.97
SHN,St-Helena,2020,SHN,,,1.1,
SHN,St-Helena,2021,SHN,,,1.3,
SHN,St-Helena,2022,SHN,,,9.3938389,
SHN,St-Helena,2023,SHN,,,2.6048019,
SHN,St-Helena,2024,SHN,,,,
SLB,Solomon Islands,2020,SLB,12616.98,11376.245,2.9635499,
SLB,Solomon Islands,2021,SLB,12228.281,11667.971,-0.108,
SLB,Solomon Islands,2022,SLB,12774.48,11948.293,5.5181293,
SLB,Solomon Islands,2023,SLB,13680.004,12265.683,4.4899998,
SLB,Solomon Islands,2024,SLB,14639.797,12577.149,4.3218393,
SLB,Solomon Islands,2025,SLB,15634.992,12918.229,4.8106666,
SLE,Sierra Leone,2020,SLE,65748.398,28424.225,13.446978,
SLE,Sierra Leone,2021,SLE,74800.719,30100.359,11.874,
SLE,Sierra Leone,2022,SLE,100007.15,31699.758,27.208288,
SLE,Sierra Leone,2023,SLE,136604.08,33509.82,47.642872,
SLE,Sierra Leone,2024,SLE,170484.06,34850.211,28.633751,
SLE,Sierra Leone,2025,SLE,196101.16,36473.867,12.948119,
SLV,El Salvador,2020,SLV,24921.191,23744.949,-0.37159023,7.0450001
SLV,El Salvador,2021,SLV,29043.145,26571.73,3.4669259,6.3210001
SLV,El Salvador,2022,SLV,31988.918,27356.822,7.198616,5.0500002
SLV,El Salvador,2023,SLV,34015.613,28325.023,4.045547,2.9920001
SLV,El Salvador,2024,SLV,35533.859,29062.047,0.8537823,5.2160001
SLV,El Salvador,2025,SLV,36953.723,29782.607,1.7997457,5.2160001
SMR,San Marino,2020,SMR,1352.4069,1269.4063,0.215,7.342
SMR,San Marino,2021,SMR,1568.7262,1445.8258,0.759,6.4419999
SMR,San Marino,2022,SMR,1739.4269,1560.0233,7.1199999,5.1420002
SMR,San Marino,2023,SMR,1838.0756,1566.2637,6.079,4.2199998
SMR,San Marino,2024,SMR,1892.662,1577.3248,1.2421651,4.4130001
SMR,San Marino,2025,SMR,1951.2184,1593.9166,2.0256891,4.4429998
SOM,Somalia,2020,SOM,209660400.0,184841424.0,,
SOM,Somalia,2021,SOM,230461200.0,191233648.0,,
SOM,Somalia,2022,SOM,247932896.0,196448816.0,,
SOM,Somalia,2023,SOM,266546704.0,204731872.0,,
SOM,Somalia,2024,SOM,303896192.0,212864464.0,,
SOM,Somalia,2025,SOM,,,,
SRB,Serbia,2020,SRB,5764147.5,5143047.0,1.5755329,9.7119999
SRB,Serbia,2021,SRB,6576024.0,5551870.5,4.085103,11.107
SRB,Serbia,2022,SRB,7458762.0,5697939.5,11.981512,9.5129995
SRB,Serbia,2023,SRB,8817763.0,5917166.0,12.371904,9.4280005
SRB,Serbia,2024,SRB,9638519.0,6146634.5,4.6664324,7.2417498
SRB,Serbia,2025,SRB,10403702.0,6359514.0,4.0233259,8.4829998
SSD,South Sudan,2020,SSD,3007890.0,25659.09,29.675844,
SSD,South Sudan,2021,SSD,4245061.0,25031.42,30.229,
SSD,South Sudan,2022,SSD,9944566.0,23733.41,-6.6873207,
SSD,South Sudan,2023,SSD,15447612.0,24334.891,2.3828044,
SSD,South Sudan,2024,SSD,28075836.0,,91.440819,
SSD,South Sudan,2025,SSD,45943500.0,,65.738892,
STP,Sao Tome and Principe,2020,STP,10247.3,8412.6914,7.8670001,
STP,Sao Tome and Principe,2021,STP,10942.039,8572.4736,8.1379995,
STP,Sao Tome and Principe,2022,STP,12690.136,8586.9346,18.005634,
STP,Sao Tome and Principe,2023,STP,15499.918,8618.9004,23.861238,
STP,Sao Tome and Principe,2024,STP,17884.012,8696.4697,14.351928,
STP,Sao Tome and Principe,2025,STP,20339.752,8969.0098,9.5983429,
SUN,Soviet Union,2020,SUN,,,,
SUN,Soviet Union,2021,SUN,,,,
SUN,Soviet Union,2022,SUN,,,,
SUR,Suriname,2020,SUR,38719.469,15090.421,49.769001,11.147
SUR,Suriname,2021,SUR,60703.566,14722.911,59.11171,11.2
SUR,Suriname,2022,SUR,89471.625,15077.177,52.446026,10.9
SUR,Suriname,2023,SUR,138223.34,15460.072,57.559803,10.6
SUR,Suriname,2024,SUR,170157.03,15899.073,16.229616,10.3
SUR,Suriname,2025,SUR,189067.88,16409.051,8.7174311,9.5
SVK,Slovakia,2020,SVK,94320.586,87398.555,2.0142486,6.6500001
SVK,Slovakia,2021,SVK,101960.02,92403.859,2.8195851,6.8169999
SVK,Slovakia,2022,SVK,110088.57,92819.383,12.126488,6.1830001
SVK,Slovakia,2023,SVK,122918.88,94098.742,10.983606,5.8169999
SVK,Slovakia,2024,SVK,132025.27,96280.961,3.1929297,5.3000002
SVK,Slovakia,2025,SVK,140553.36,98633.25,4.3813009,5.3402085
SVN,Slovenia,2020,SVN,46738.699,43226.152,-0.27510861,5.0
SVN,Slovenia,2021,SVN,52022.645,46852.676,2.0471439,4.7249999
SVN,Slovenia,2022,SVN,56908.77,48117.344,9.3214397,4.0
SVN,Slovenia,2023,SVN,63951.238,49133.863,7.2182431,3.675
SVN,Slovenia,2024,SVN,66080.813,49661.844,1.8525627,3.7
SVN,Slovenia,2025,SVN,69424.031,50960.633,2.3595829,3.6899157
SWE,Sweden,2020,SWE,5019437.0,4511915.5,0.49736732,8.4829998
SWE,Sweden,2021,SWE,5452104.0,4770982.0,2.1631973,8.8920002
SWE,Sweden,2022,SWE,5853893.0,4846126.0,8.3692913,7.4829998
SWE,Sweden,2023,SWE,6209087.0,4843410.0,8.548625,7.6669998
SWE,Sweden,2024,SWE,6401565.0,4870443.0,2.8350365,8.3999996
SWE,Sweden,2025,SWE,6553146.0,4959476.0,0.83590525,8.3352833
SWZ,Eswatini,2020,SWZ,65588.461,56823.691,4.1149998,21.65
SWZ,Eswatini,2021,SWZ,67808.133,58775.566,3.7190001,35.707001
SWZ,Eswatini,2022,SWZ,73824.883,59433.613,4.802,
SWZ,Eswatini,2023,SWZ,84398.078,61480.793,4.9489999,
SWZ,Eswatini,2024,SWZ,89011.641,63104.32,4.0341563,
SWZ,Eswatini,2025,SWZ,96722.102,66337.555,5.2082906,
SXM,Sint Maarten,2020,SXM,2220.1001,2046.6641,,
SXM,Sint Maarten,2021,SXM,2478.5,2140.3521,,
SXM,Sint Maarten,2022,SXM,2808.2339,2350.1067,,
SXM,Sint Maarten,2023,SXM,3002.4106,2439.4106,,
SXM,Sint Maarten,2024,SXM,3200.5696,2524.7903,,
SYC,Seychelles,2020,SYC,24356.0,22349.068,3.898,3.0
SYC,Seychelles,2021,SYC,25164.0,22472.5,9.7700005,3.0
SYC,Seychelles,2022,SYC,29373.0,25328.859,2.6260364,3.0
SYC,Seychelles,2023,SYC,30015.9,25901.102,-1.035,2.934
SYC,Seychelles,2024,SYC,30824.857,26798.75,0.31172606,3.0
SYC,Seychelles,2025,SYC,32337.672,27743.49,1.725719,3.0
SYR,Syria,2020,SYR,18646826.0,4529992.5,,
SYR,Syria,2021,SYR,41455876.0,4613988.0,,
SYR,Syria,2022,SYR,88590464.0,4647799.0,,
SYR,Syria,2023,SYR,215143600.0,4591688.0,,
SYR,Syria,2024,SYR,,,,
SYR,Syria,2025,SYR,,,,
TCA,Turks and Caicos,2020,TCA,924.58301,1308.3916,2.3,
TCA,Turks and Caicos,2021,TCA,1045.7825,1696.0599,,
TCA,Turks and Caicos,2022,TCA,1228.7944,1934.986,,
TCA,Turks and Caicos,2023,TCA,1402.0544,2200.6816,,
TCA,Turks and Caicos,2024,TCA,1493.3698,2324.7302,,
TCD,Chad,2020,TCD,8419255.0,8918086.0,2.7969999,
TCD,Chad,2021,TCD,8850923.0,8944303.0,-0.77284437,
TCD,Chad,2022,TCD,10144399.0,10097815.0,5.7880268,
TCD,Chad,2023,TCD,10701814.0,10513588.0,10.083436,
TCD,Chad,2024,TCD,11547754.0,10897802.0,8.8995075,
TCD,Chad,2025,TCD,11826124.0,11085282.0,3.9079895,
TGO,Togo,2020,TGO,4308855.0,4136166.0,1.8275404,2.056
TGO,Togo,2021,TGO,4679632.0,4383959.0,4.5515289,2.056
TGO,Togo,2022,TGO,5154835.0,4636454.5,7.9675736,1.965
TGO,Togo,2023,TGO,5627469.0,4933555.0,5.059,
TGO,Togo,2024,TGO,6113902.0,5195034.0,2.8660138,
TGO,Togo,2025,TGO,6566698.5,5470371.0,2.3000555,
THA,Thailand,2020,THA,15661294.0,14807673.0,-0.84593713,1.7
THA,Thailand,2021,THA,16188611.0,15037514.0,1.2303954,1.9
THA,Thailand,2022,THA,17378016.0,15425537.0,6.0774121,1.3
THA,Thailand,2023,THA,17921212.0,15736787.0,3.8762424,0.97700161
THA,Thailand,2024,THA,18775258.0,16134292.0,0.39833301,0.99833333
THA,Thailand,2025,THA,19230906.0,16424710.0,0.69324088,1.0
TJK,Tajikistan,2020,TJK,83958.297,70415.023,8.5889997,1.9945248
TJK,Tajikistan,2021,TJK,101076.3,77034.031,8.9220467,2.0487051
TJK,Tajikistan,2022,TJK,118181.7,83196.758,6.5912347,2.0999999
TJK,Tajikistan,2023,TJK,130791.47,90102.086,3.5002296,
TJK,Tajikistan,2024,TJK,151102.33,97670.656,3.5046685,
TJK,Tajikistan,2025,TJK,169278.14,104242.46,4.3361554,
TKM,Turkmenistan,2020,TKM,160363.0,169423.81,7.5830002,4.5510001
TKM,Turkmenistan,2021,TKM,175026.0,179928.09,14.95,4.5289998
TKM,Turkmenistan,2022,TKM,197900.0,191083.63,11.476,4.1259999
TKM,Turkmenistan,2023,TKM,209605.67,203122.19,-1.738,4.1009998
TKM,Turkmenistan,2024,TKM,222089.72,207721.11,4.7980742,
TKM,Turkmenistan,2025,TKM,239690.73,212405.34,7.0380106,
TLS,Timor-Leste,2020,TLS,2162.6191,2590.9343,0.48800001,5.2350001
TLS,Timor-Leste,2021,TLS,3624.8896,2728.6563,3.7750001,5.0999999
TLS,Timor-Leste,2022,TLS,3208.594,2168.1472,7.0050001,1.5369999
TLS,Timor-Leste,2023,TLS,2079.917,1775.175,8.4200001,
TLS,Timor-Leste,2024,TLS,1881.2654,1736.3143,2.0628414,
TLS,Timor-Leste,2025,TLS,1974.6284,1794.8073,0.38227713,
TON,Tonga,2020,TON,1147.811,956.51007,0.242,4.1599998
TON,Tonga,2021,TON,1180.4794,959.97839,1.414,3.0999999
TON,Tonga,2022,TON,1177.176,937.8042,10.971365,3.0999999
TON,Tonga,2023,TON,1201.4401,957.34949,6.5774212,2.2224126
TON,Tonga,2024,TON,1284.4703,976.66211,3.1836462,
TON,Tonga,2025,TON,1366.5004,1003.3317,3.5691543,
TTO,Trinidad and Tobago,2020,TTO,141713.64,136723.27,0.59898633,5.6469998
TTO,Trinidad and Tobago,2021,TTO,163403.05,135476.36,2.0610688,5.3610001
TTO,Trinidad and Tobago,2022,TTO,192562.44,136942.52,5.5430841,4.9239998
TTO,Trinidad and Tobago,2023,TTO,172059.95,138896.84,5.9173541,3.3682499
TTO,Trinidad and Tobago,2024,TTO,163710.23,141189.47,0.52688462,4.1090002
TTO,Trinidad and Tobago,2025,TTO,169758.19,144532.17,1.3229594,4.0609999
TUN,Tunisia,2020,TUN,119633.43,88065.063,5.634151,17.4
TUN,Tunisia,2021,TUN,130466.1,92236.102,5.7063503,16.200001
TUN,Tunisia,2022,TUN,138415.7,94701.867,8.3064613,15.2
TUN,Tunisia,2023,TUN,150776.59,94738.953,9.3289957,15.09625
TUN,Tunisia,2024,TUN,167416.09,96018.539,7.2066164,
TUN,Tunisia,2025,TUN,180918.84,97391.469,6.1011887,
TUR,Turkey,2020,TUR,5048567.0,2762433.5,12.278957,13.1
TUR,Turkey,2021,TUR,7256143.0,3078439.5,19.596493,12.0
TUR,Turkey,2022,TUR,15011775.0,3248782.8,72.308838,10.4
TUR,Turkey,2023,TUR,26545722.0,3414833.5,53.859409,9.3999996
TUR,Turkey,2024,TUR,43534988.0,3535749.0,58.299206,8.7621727
TUR,Turkey,2025,TUR,58425204.0,3627374.8,30.667694,9.0082331
TUV,Tuvalu,2020,TUV,75.199997,57.609604,1.5700001,6.5300002
TUV,Tuvalu,2021,TUV,83.099998,58.64896,2.944,6.5300002
TUV,Tuvalu,2022,TUV,91.599998,59.046196,11.477,7.3179998
TUV,Tuvalu,2023,TUV,101.6519,61.321136,6.2049999,
TUV,Tuvalu,2024,TUV,105.97751,63.151615,1.1650946,
TUV,Tuvalu,2025,TUV,111.38452,64.982101,1.4615487,
TWN,Taiwan,2020,TWN,19914806.0,19715730.0,0.40000001,3.8499999
TWN,Taiwan,2021,TWN,21663232.0,21020996.0,3.4100001,3.95
TWN,Taiwan,2022,TWN,22679844.0,21565106.0,5.5500002,3.6700001
TWN,Taiwan,2023,TWN,23550852.0,21846666.0,3.8599999,3.48
TWN,Taiwan,2024,TWN,25076388.0,24666848.0,2.1798882,3.3199999
TWN,Taiwan,2025,TWN,26251674.0,25370832.0,1.5026436,3.3900001
TZA,Tanzania,2020,TZA,149649904.0,125568168.0,3.2902906,4.4775
TZA,Tanzania,2021,TZA,161120768.0,130994456.0,3.6899693,
TZA,Tanzania,2022,TZA,175722480.0,136975664.0,4.3502722,
TZA,Tanzania,2023,TZA,195819792.0,143919680.0,4.0285554,
TZA,Tanzania,2024,TZA,215839488.0,151873136.0,3.0569468,
TZA,Tanzania,2025,TZA,238637136.0,161015360.0,4.0418997,
UGA,Uganda,2020,UGA,141519504.0,123085848.0,3.7944229,2.563
UGA,Uganda,2021,UGA,153589888.0,127438880.0,2.2073009,3.4159999
UGA,Uganda,2022,UGA,174888016.0,133285800.0,7.1957889,
UGA,Uganda,2023,UGA,190117184.0,140399232.0,5.3509479,
UGA,Uganda,2024,UGA,208896160.0,149014768.0,3.3233807,
UGA,Uganda,2025,UGA,233066656.0,158132560.0,4.2214217,
UKR,Ukraine,2020,UKR,4222026.0,2143366.0,2.7324922,9.1499996
UKR,Ukraine,2021,UKR,5450849.0,2217218.3,9.3606253,9.8249998
UKR,Ukraine,2022,UKR,5239114.0,1579577.8,20.183636,24.528
UKR,Ukraine,2023,UKR,6627961.0,1667003.1,12.849022,19.072001
UKR,Ukraine,2024,UKR,7658659.0,1715576.6,6.5019846,13.1
UKR,Ukraine,2025,UKR,8749252.0,1749887.9,12.584434,11.573
URY,Uruguay,2020,URY,2254796.0,1511463.1,9.7564068,10.35
URY,Uruguay,2021,URY,2646327.0,1599797.1,7.7479138,9.375
URY,Uruguay,2022,URY,2888512.0,1671567.6,9.1043797,7.8670001
URY,Uruguay,2023,URY,2998594.3,1683972.8,5.8691034,8.3249998
URY,Uruguay,2024,URY,3224134.5,1736315.0,4.8491435,8.2114162
URY,Uruguay,2025,URY,3497351.3,1785688.4,5.5256014,8.0249996
USA,United States,2020,USA,21354104.0,19723582.0,1.2491888,8.1000004
USA,United States,2021,USA,23681170.0,20917856.0,4.682189,5.3579998
USA,United States,2022,USA,26006892.0,21443392.0,7.9916902,3.642
USA,United States,2023,USA,27720710.0,22062580.0,4.1282697,3.6329999
USA,United States,2024,USA,29169676.0,22673736.0,2.9269261,4.0211015
USA,United States,2025,USA,30467082.0,23212354.0,2.4004335,4.1389151
UZB,Uzbekistan,2020,UZB,605514880.0,280228672.0,12.855,10.531
UZB,Uzbekistan,2021,UZB,738425216.0,302744160.0,10.690866,9.625
UZB,Uzbekistan,2022,UZB,896617920.0,320912896.0,11.446644,8.8610001
UZB,Uzbekistan,2023,UZB,1066569024.0,341102848.0,9.9510002,6.8000002
UZB,Uzbekistan,2024,UZB,1284264576.0,363274560.0,9.6282549,5.54
UZB,Uzbekistan,2025,UZB,1539139200.0,384705664.0,8.7923822,5.04
VCT,St-Vincent,2020,VCT,2334.3315,2231.032,-0.60600001,
VCT,St-Vincent,2021,VCT,2399.4304,2277.7363,1.556,
VCT,St-Vincent,2022,VCT,2670.8101,2348.5933,5.6600976,
VCT,St-Vincent,2023,VCT,2945.687,2473.6877,4.5710001,
VCT,St-Vincent,2024,VCT,3179.1206,2574.1648,3.6277075,
VCT,St-Vincent,2025,VCT,3397.0073,2694.9912,2.0513897,
VEN,Venezuela,2020,VEN,5961.0693,2.2870769e-05,2355.1499,7.5300002
VEN,Venezuela,2021,VEN,78471.016,2.3098602e-05,1588.5132,
VEN,Venezuela,2022,VEN,267767.38,2.4947063e-05,200.914,
VEN,Venezuela,2023,VEN,1209550.0,2.5945807e-05,337.45801,
VEN,Venezuela,2024,VEN,,,,
VEN,Venezuela,2025,VEN,,,,
VGB,British Virgin Islands,2020,VGB,1428.75,1463.8646,0.40000001,
VGB,British Virgin Islands,2021,VGB,1460.1165,1503.2843,2.8,
VGB,British Virgin Islands,2022,VGB,1471.2333,1536.5314,,
VGB,British Virgin Islands,2023,VGB,1505.8561,1579.0153,,
VGB,British Virgin Islands,2024,VGB,,,,
VIR,US Virgin Islands,2020,VIR,4229.0,3810.5754,,
VIR,US Virgin Islands,2021,VIR,4507.0,3950.3323,,
VIR,US Virgin Islands,2022,VIR,4672.0,3898.5344,,
VIR,US Virgin Islands,2023,VIR,,,,
VIR,US Virgin Islands,2024,VIR,,,,
VNM,Vietnam,2020,VNM,8044385792.0,7029409280.0,3.2209344,2.48
VNM,Vietnam,2021,VNM,8487475712.0,7208920576.0,1.8347156,3.2
VNM,Vietnam,2022,VNM,9548737536.0,7824382464.0,3.1565075,2.3199999
VNM,Vietnam,2023,VNM,10221814784.0,8220689408.0,3.2528927,2.0791104
VNM,Vietnam,2024,VNM,11401998336.0,8803634176.0,3.6210928,1.52925
VNM,Vietnam,2025,VNM,12420972544.0,9257168896.0,2.9491208,2.03
VUT,Vanuatu,2020,VUT,104929.0,90286.172,2.915,4.046
VUT,Vanuatu,2021,VUT,107522.0,88884.664,2.3429999,
VUT,Vanuatu,2022,VUT,121883.92,93494.43,4.5840001,
VUT,Vanuatu,2023,VUT,133268.63,92592.398,13.002878,
VUT,Vanuatu,2024,VUT,137465.14,96265.773,4.2144351,
VUT,Vanuatu,2025,VUT,144465.41,97589.211,4.4715753,
WLF,Wallis and Futuna,2020,WLF,,,,3.381
WLF,Wallis and Futuna,2021,WLF,,,,3.381
WLF,Wallis and Futuna,2022,WLF,,,,3.381
WLF,Wallis and Futuna,2023,WLF,,,,3.2820001
WSM,Samoa,2020,WSM,2209.5874,2328.677,-1.5689125,4.9485302
WSM,Samoa,2021,WSM,2191.3811,2163.8337,-3.01,11.9
WSM,Samoa,2022,WSM,2304.7729,2049.0144,10.961883,5.0
WSM,Samoa,2023,WSM,2826.9775,2237.7012,7.9666629,
WSM,Samoa,2024,WSM,3248.2842,2448.5452,2.1724553,
WSM,Samoa,2025,WSM,3529.7356,2580.1873,3.0846479,
XKX,Kosovo,2020,XKX,6771.6001,6439.2002,0.2,25.950001
XKX,Kosovo,2021,XKX,7957.8999,7131.1001,3.4000001,20.75
XKX,Kosovo,2022,XKX,8895.7002,7436.2998,11.6,12.575
XKX,Kosovo,2023,XKX,9680.0996,7738.8999,4.9000001,10.875
XKX,Kosovo,2024,XKX,10350.4,8092.7002,1.6,
XKX,Kosovo,2025,XKX,10964.092,8416.6865,2.2358506,
YEM,Yemen,2020,YEM,6996575.5,5097879.0,26.183001,
YEM,Yemen,2021,YEM,9285948.0,5046900.5,45.695,
YEM,Yemen,2022,YEM,12220425.0,5122603.5,29.072001,
YEM,Yemen,2023,YEM,11868027.0,5020152.0,-1.225,
YEM,Yemen,2024,YEM,15669155.0,4944862.0,33.917629,
YEM,Yemen,2025,YEM,18588606.0,4870676.0,20.439756,
YUG,Yugoslavia,2020,YUG,,,,
YUG,Yugoslavia,2021,YUG,,,,
YUG,Yugoslavia,2022,YUG,,,,
ZAF,South Africa,2020,ZAF,5562760.5,4300904.5,3.2749078,29.174999
ZAF,South Africa,2021,ZAF,6220151.5,4514015.5,4.5556054,34.299999
ZAF,South Africa,2022,ZAF,6655524.0,4600300.0,6.8688593,33.5
ZAF,South Africa,2023,ZAF,7023994.5,4632432.5,5.8997521,32.374001
ZAF,South Africa,2024,ZAF,7386897.0,4677797.5,4.6260362,32.73217
ZAF,South Africa,2025,ZAF,7808360.0,4749058.0,3.9197631,32.078251
ZMB,Zambia,2020,ZMB,331363.66,198462.28,15.732585,6.0320001
ZMB,Zambia,2021,ZMB,442479.03,210836.22,22.020767,5.6490002
ZMB,Zambia,2022,ZMB,493505.0,221823.38,10.993204,6.098
ZMB,Zambia,2023,ZMB,557406.13,233730.72,10.953,5.9499998
ZMB,Zambia,2024,ZMB,688851.25,243180.81,14.985626,
ZMB,Zambia,2025,ZMB,823063.31,258257.59,14.196386,
ZWE,Zimbabwe,2020,ZWE,21664.746,19101.105,557.21002,7.3730001
ZWE,Zimbabwe,2021,ZWE,24118.15,20718.594,98.545998,9.54
ZWE,Zimbabwe,2022,ZWE,26418.594,21990.545,104.70517,10.139
ZWE,Zimbabwe,2023,ZWE,30368.203,23164.131,105.40199,9.3479996
ZWE,Zimbabwe,2024,ZWE,369182.31,23634.244,736.10614,
ZWE,Zimbabwe,2025,ZWE,719742.0,25096.152,92.164871,
