Date,CLOSE,HIGH,LOW,OPEN,VOLUME,COMPANY_TICKER
2020-01-02,119.57,119.58,118.02,118.47,10803700,JPM
2020-01-03,118.0,118.75,116.92,117.28,10386800,JPM
2020-01-06,117.9,117.94,116.43,116.48,10259000,JPM
2020-01-07,115.9,117.59,115.85,117.09,10531300,JPM
2020-01-08,116.8,117.35,115.66,115.74,9695300,JPM
2020-01-09,117.23,117.9,116.89,117.75,9469000,JPM
2020-01-10,116.06,117.07,115.84,117.03,10190900,JPM
2020-01-13,117.02,117.02,115.79,116.16,12355200,JPM
2020-01-14,118.39,120.06,117.44,117.65,24906000,JPM
2020-01-15,116.61,118.22,116.13,117.58,16293400,JPM
2020-01-16,117.07,117.62,116.72,117.24,10783800,JPM
2020-01-17,117.88,117.95,117.13,117.31,14697700,JPM
2020-01-21,116.72,117.77,116.59,117.01,8474200,JPM
2020-01-22,116.58,117.19,116.32,117.06,7549100,JPM
2020-01-23,116.46,116.63,114.91,115.75,9345700,JPM
2020-01-24,113.57,116.37,112.86,116.32,15166400,JPM
2020-01-27,112.61,113.39,110.63,111.11,12860500,JPM
2020-01-28,114.66,115.12,113.0,113.3,13062800,JPM
2020-01-29,114.49,115.61,114.03,114.98,9326000,JPM
2020-01-30,115.91,116.11,113.18,113.18,9048900,JPM
2020-01-31,112.89,115.0,112.14,114.71,12785200,JPM
2020-02-03,113.76,114.5,113.15,113.15,10021100,JPM
2020-02-04,115.39,116.51,115.21,115.62,9157100,JPM
2020-02-05,117.36,117.48,116.01,116.49,10150700,JPM
2020-02-06,117.37,117.95,116.95,117.91,8992300,JPM
2020-02-07,117.0,117.42,116.26,116.62,6379800,JPM
2020-02-10,117.48,117.58,116.64,116.81,5960700,JPM
2020-02-11,117.71,118.4,117.52,117.93,6578600,JPM
2020-02-12,117.71,118.81,117.53,118.22,7958000,JPM
2020-02-13,117.6,118.0,116.34,117.49,7447500,JPM
2020-02-14,117.24,117.87,116.8,117.57,6627600,JPM
2020-02-18,115.69,117.46,115.19,117.14,8996400,JPM
2020-02-19,117.27,118.04,116.29,116.78,7071200,JPM
2020-02-20,117.27,118.01,116.45,117.0,7422800,JPM
2020-02-21,115.84,116.78,115.08,116.47,9772800,JPM
2020-02-24,112.72,113.61,111.56,112.11,13618400,JPM
2020-02-25,107.69,112.78,107.12,111.73,20797200,JPM
2020-02-26,108.02,109.99,107.76,108.26,24825600,JPM
2020-02-27,103.52,107.15,103.46,104.83,23005500,JPM
2020-02-28,99.03,101.06,96.09,100.24,45931400,JPM
2020-03-02,103.65,103.7,97.63,99.48,27355400,JPM
2020-03-03,99.76,104.87,99.15,103.18,32547700,JPM
2020-03-04,102.22,102.51,97.83,100.93,25795900,JPM
2020-03-05,97.21,99.31,96.02,98.66,25025600,JPM
2020-03-06,92.19,94.1,89.58,90.63,38159400,JPM
2020-03-09,79.7,84.64,79.32,82.37,40352000,JPM
2020-03-10,85.89,86.39,80.67,84.44,31102700,JPM
2020-03-11,81.85,85.34,80.65,83.33,38127000,JPM
2020-03-12,75.1,82.7,73.63,76.41,49725200,JPM
2020-03-13,88.63,88.7,78.47,81.87,38543300,JPM
2020-03-16,75.37,80.16,72.12,72.67,38589700,JPM
2020-03-17,79.97,83.11,74.63,77.52,35239800,JPM
2020-03-18,71.55,77.44,68.54,74.78,41525600,JPM
2020-03-19,72.76,75.15,65.6,69.57,32175100,JPM
2020-03-20,71.22,76.3,70.35,73.61,30150800,JPM
2020-03-23,67.41,71.43,66.61,70.52,32536600,JPM
2020-03-24,75.43,76.85,70.71,72.41,34363200,JPM
2020-03-25,78.24,81.16,72.11,76.12,38111700,JPM
2020-03-26,83.69,84.07,79.78,80.24,29826300,JPM
2020-03-27,77.73,80.89,77.23,79.49,30041500,JPM
2020-03-30,79.75,80.25,76.17,77.32,21656900,JPM
2020-03-31,76.79,80.32,76.2,78.51,23379300,JPM
2020-04-01,71.95,73.83,71.01,72.59,28029600,JPM
2020-04-02,74.64,74.98,70.76,71.23,24018000,JPM
2020-04-03,72.43,75.39,71.33,74.11,21199400,JPM
2020-04-06,77.1,78.42,75.58,76.69,26820800,JPM
2020-04-07,78.11,81.44,77.89,81.4,22563800,JPM
2020-04-08,81.27,81.75,78.04,79.37,22903300,JPM
2020-04-09,88.56,89.96,83.5,83.53,42055900,JPM
2020-04-13,84.62,88.86,83.85,88.86,26911900,JPM
2020-04-14,82.3,87.9,80.7,87.06,46151300,JPM
2020-04-15,78.24,79.31,77.67,78.55,30118600,JPM
2020-04-16,75.26,78.05,75.02,77.76,32449600,JPM
2020-04-17,82.03,82.47,78.39,79.29,30191900,JPM
2020-04-20,79.04,81.62,77.96,79.69,23679400,JPM
2020-04-21,76.74,78.75,76.12,76.37,23035000,JPM
2020-04-22,76.99,79.17,76.86,78.16,16662400,JPM
2020-04-23,77.04,78.67,76.92,77.34,16638800,JPM
2020-04-24,78.17,78.51,76.26,78.11,15809200,JPM
2020-04-27,81.54,82.41,78.89,79.23,22870200,JPM
2020-04-28,82.12,84.77,81.9,84.29,20238900,JPM
2020-04-29,84.34,85.71,83.83,85.39,20462600,JPM
2020-04-30,82.53,83.46,81.48,82.39,19127600,JPM
2020-05-01,80.36,80.79,79.15,80.58,18547700,JPM
2020-05-04,79.41,79.86,78.25,79.3,15725900,JPM
2020-05-05,79.29,81.19,79.2,80.71,18064100,JPM
2020-05-06,77.79,79.94,77.5,79.42,20978000,JPM
2020-05-07,78.6,80.07,78.06,78.72,16771900,JPM
2020-05-08,79.89,81.08,79.38,79.98,20487800,JPM
2020-05-11,77.54,78.52,76.98,78.52,31907600,JPM
2020-05-12,75.0,78.24,74.89,77.69,27962900,JPM
2020-05-13,72.42,74.86,71.87,74.44,35451600,JPM
2020-05-14,75.42,75.93,71.01,71.29,35152500,JPM
2020-05-15,74.03,75.22,73.51,74.85,26099000,JPM
2020-05-18,77.95,78.55,75.74,76.43,30504400,JPM
2020-05-19,76.42,78.6,76.35,77.61,19597300,JPM
2020-05-20,78.71,79.62,77.88,78.17,20552400,JPM
2020-05-21,77.71,79.08,77.28,77.79,14621400,JPM
2020-05-22,77.11,77.87,76.46,77.57,13557900,JPM
2020-05-26,82.58,84.03,79.81,80.05,41233900,JPM
2020-05-27,87.36,88.4,85.15,87.96,39402000,JPM
2020-05-28,86.06,88.72,85.66,88.71,24713900,JPM
2020-05-29,83.86,85.47,83.41,85.03,26526400,JPM
2020-06-01,84.97,85.76,83.92,84.24,15176800,JPM
2020-06-02,85.26,86.54,84.4,86.42,21195000,JPM
2020-06-03,89.86,90.42,87.09,87.54,25941100,JPM
2020-06-04,91.73,91.88,88.58,89.47,26784700,JPM
2020-06-05,95.86,99.77,94.39,99.05,42231000,JPM
2020-06-08,97.77,98.41,96.47,97.74,24881800,JPM
2020-06-09,95.26,96.2,93.94,95.36,17031100,JPM
2020-06-10,91.4,95.24,91.22,95.19,24913300,JPM
2020-06-11,83.78,87.54,83.2,86.21,36259200,JPM
2020-06-12,86.07,87.15,83.88,86.79,24856800,JPM
2020-06-15,87.26,87.41,82.62,83.09,22153600,JPM
2020-06-16,87.96,91.08,85.59,90.81,22193600,JPM
2020-06-17,85.73,88.37,85.5,88.36,15639800,JPM
2020-06-18,85.27,86.63,84.57,85.03,16591900,JPM
2020-06-19,84.29,86.7,83.36,86.64,40371200,JPM
2020-06-22,83.38,84.41,83.2,83.81,16216900,JPM
2020-06-23,84.4,86.15,84.33,85.29,15381400,JPM
2020-06-24,81.58,83.46,81.28,83.38,22919800,JPM
2020-06-25,84.42,84.64,81.23,81.31,25743600,JPM
2020-06-26,79.79,82.19,79.29,81.97,41896300,JPM
2020-06-29,80.15,81.43,79.44,80.49,18499700,JPM
2020-06-30,81.06,81.58,79.78,80.0,19137000,JPM
2020-07-01,80.37,82.48,80.17,81.78,18755700,JPM
2020-07-02,80.63,82.63,80.0,82.44,27845600,JPM
2020-07-06,82.67,82.84,81.35,82.17,18625300,JPM
2020-07-07,80.34,81.89,80.06,81.64,25757200,JPM
2020-07-08,81.19,81.22,79.88,80.31,18762200,JPM
2020-07-09,79.43,81.9,79.0,81.38,25600800,JPM
2020-07-10,83.77,84.27,79.95,80.06,28954200,JPM
2020-07-13,84.97,86.38,83.74,85.91,32079200,JPM
2020-07-14,85.46,86.98,84.1,85.6,42731700,JPM
2020-07-15,86.78,88.14,85.85,87.79,22508400,JPM
2020-07-16,87.03,88.08,85.76,85.96,16886900,JPM
2020-07-17,85.42,87.09,85.4,87.02,16137700,JPM
2020-07-20,84.67,85.62,84.64,84.78,14458100,JPM
2020-07-21,86.51,87.06,84.97,85.03,17798100,JPM
2020-07-22,85.88,87.13,84.87,86.72,14271200,JPM
2020-07-23,86.13,86.45,85.25,85.71,12870200,JPM
2020-07-24,85.52,86.85,85.23,86.67,12744200,JPM
2020-07-27,84.32,84.96,83.69,84.85,11959100,JPM
2020-07-28,84.69,85.18,83.97,83.97,11754300,JPM
2020-07-29,86.74,86.77,84.41,84.47,12743500,JPM
2020-07-30,84.43,85.05,83.58,84.88,14834800,JPM
2020-07-31,84.1,84.35,82.89,83.96,14535000,JPM
2020-08-03,83.63,84.91,83.41,84.43,12962800,JPM
2020-08-04,83.15,83.5,82.69,83.46,13366200,JPM
2020-08-05,84.59,85.69,83.3,83.43,15260900,JPM
2020-08-06,84.62,85.37,84.01,84.91,10482100,JPM
2020-08-07,86.48,86.58,84.03,84.35,14743700,JPM
2020-08-10,87.58,88.8,87.05,87.12,14989900,JPM
2020-08-11,90.34,92.38,90.07,90.38,31518600,JPM
2020-08-12,89.58,92.62,88.51,92.38,19240800,JPM
2020-08-13,89.08,89.94,88.45,88.76,13598600,JPM
2020-08-14,89.12,89.9,88.26,88.33,12134400,JPM
2020-08-17,86.77,88.76,86.61,88.33,14988000,JPM
2020-08-18,85.56,86.94,85.38,86.94,13246500,JPM
2020-08-19,85.76,87.53,85.58,86.08,13533000,JPM
2020-08-20,84.73,85.31,84.24,84.64,13672600,JPM
2020-08-21,84.69,85.78,84.36,84.64,12228300,JPM
2020-08-24,87.07,87.2,84.77,85.67,17898300,JPM
2020-08-25,87.46,88.74,86.85,88.13,13648900,JPM
2020-08-26,86.23,87.25,86.19,86.97,12052400,JPM
2020-08-27,89.06,89.33,86.15,86.15,22163900,JPM
2020-08-28,89.43,89.85,88.59,89.75,13756700,JPM
2020-08-31,87.19,88.92,87.04,88.86,14219400,JPM
2020-09-01,87.14,87.78,86.18,86.63,11595600,JPM
2020-09-02,88.46,88.71,86.64,86.98,14475700,JPM
2020-09-03,88.18,91.36,87.58,89.91,23281200,JPM
2020-09-04,90.08,91.55,88.21,90.54,26325500,JPM
2020-09-08,86.95,90.13,86.57,89.61,22108600,JPM
2020-09-09,87.78,88.49,86.64,87.72,13434000,JPM
2020-09-10,86.87,89.13,86.71,88.24,15922800,JPM
2020-09-11,87.95,88.2,86.66,86.99,13784300,JPM
2020-09-14,89.17,90.03,88.21,88.33,19017400,JPM
2020-09-15,86.39,89.5,86.27,89.4,23683000,JPM
2020-09-16,86.76,88.0,85.94,86.52,19270600,JPM
2020-09-17,85.77,86.45,85.03,85.89,18290100,JPM
2020-09-18,85.58,86.58,84.79,85.18,20121600,JPM
2020-09-21,82.94,83.58,81.64,82.84,28378800,JPM
2020-09-22,82.03,83.24,81.51,82.63,19257000,JPM
2020-09-23,80.7,82.97,80.63,82.48,19952700,JPM
2020-09-24,80.63,82.06,79.52,80.34,18366500,JPM
2020-09-25,81.34,81.56,79.95,80.1,13293100,JPM
2020-09-28,83.68,84.35,82.1,82.72,20894100,JPM
2020-09-29,82.97,83.57,82.09,83.57,12848200,JPM
2020-09-30,83.77,84.58,82.9,82.97,16400600,JPM
2020-10-01,84.38,85.08,83.57,84.51,15778700,JPM
2020-10-02,85.18,85.79,82.75,82.89,15149600,JPM
2020-10-05,86.98,87.17,85.66,86.35,13871900,JPM
2020-10-06,86.09,88.58,85.64,87.89,19220400,JPM
2020-10-07,87.59,88.13,86.66,86.91,16358500,JPM
2020-10-08,89.39,89.51,87.74,88.28,15659000,JPM
2020-10-09,88.88,89.68,87.92,89.58,13689100,JPM
2020-10-12,89.97,90.46,88.57,88.79,16058000,JPM
2020-10-13,88.51,90.66,88.06,90.46,21697300,JPM
2020-10-14,88.02,89.52,87.92,88.73,15204100,JPM
2020-10-15,89.34,89.39,86.98,87.04,17171200,JPM
2020-10-16,89.15,89.87,88.46,89.07,13275000,JPM
2020-10-19,87.65,89.47,87.44,89.23,11725700,JPM
2020-10-20,88.15,89.38,87.93,88.1,11257100,JPM
2020-10-21,87.27,88.7,87.24,88.14,10730500,JPM
2020-10-22,90.36,90.67,87.22,87.23,14837200,JPM
2020-10-23,91.17,91.74,90.4,90.9,15087600,JPM
2020-10-26,88.92,90.2,88.05,90.15,12410700,JPM
2020-10-27,87.24,88.64,87.09,88.28,10391700,JPM
2020-10-28,84.79,86.33,84.38,85.63,16389500,JPM
2020-10-29,85.34,86.05,83.65,84.42,14208800,JPM
2020-10-30,86.11,86.44,84.52,85.99,15194500,JPM
2020-11-02,88.05,88.6,85.95,87.29,15011600,JPM
2020-11-03,90.82,91.99,90.19,90.48,17482600,JPM
2020-11-04,88.05,89.65,86.89,88.71,18886500,JPM
2020-11-05,91.65,92.31,88.71,88.76,17837400,JPM
2020-11-06,90.43,92.31,89.93,92.25,12552800,JPM
2020-11-09,102.67,104.43,96.92,99.39,47792400,JPM
2020-11-10,102.34,103.15,100.73,103.07,20539300,JPM
2020-11-11,100.81,102.72,100.09,102.66,14443400,JPM
2020-11-12,99.57,100.09,98.42,98.83,22063000,JPM
2020-11-13,100.19,100.88,99.75,100.74,11847900,JPM
2020-11-16,103.02,104.17,101.64,103.45,19858600,JPM
2020-11-17,101.98,102.27,100.63,101.34,14553200,JPM
2020-11-18,101.22,104.17,101.18,103.06,12571200,JPM
2020-11-19,101.49,101.72,99.74,100.28,10202500,JPM
2020-11-20,100.62,101.57,100.2,100.5,12718900,JPM
2020-11-23,103.52,103.79,101.5,101.92,13209200,JPM
2020-11-24,108.31,108.47,105.14,105.45,20121600,JPM
2020-11-25,107.18,107.48,105.81,106.6,11715600,JPM
2020-11-27,106.46,107.46,106.34,107.15,5983600,JPM
2020-11-30,103.53,106.03,103.43,105.39,14411800,JPM
2020-12-01,105.16,106.78,105.07,105.69,12668900,JPM
2020-12-02,107.18,107.42,104.75,105.13,10811300,JPM
2020-12-03,106.48,107.05,105.71,107.02,12904400,JPM
2020-12-04,107.45,108.28,106.88,107.57,13583700,JPM
2020-12-07,107.04,107.3,105.58,106.4,9724300,JPM
2020-12-08,107.15,107.44,106.06,106.31,9592100,JPM
2020-12-09,106.32,108.29,105.78,108.18,13073900,JPM
2020-12-10,105.63,106.08,105.01,105.38,13668400,JPM
2020-12-11,105.01,105.41,103.96,104.46,9981600,JPM
2020-12-14,103.9,106.64,103.73,106.57,12112400,JPM
2020-12-15,105.67,106.18,104.18,104.77,12590200,JPM
2020-12-16,105.98,106.34,105.27,105.66,11169400,JPM
2020-12-17,105.1,106.67,105.02,106.5,11618000,JPM
2020-12-18,104.58,105.29,103.87,104.64,28954800,JPM
2020-12-21,108.51,109.78,106.35,108.18,28323600,JPM
2020-12-22,106.86,108.48,106.81,108.37,11788200,JPM
2020-12-23,109.85,111.12,107.46,107.83,14973200,JPM
2020-12-24,109.36,110.27,108.53,109.86,4164900,JPM
2020-12-28,110.08,111.23,109.6,110.5,8072600,JPM
2020-12-29,109.79,110.91,109.69,110.84,8389200,JPM
2020-12-30,110.1,110.53,109.7,110.21,7398000,JPM
2020-12-31,111.6,111.83,109.63,109.86,8580200,JPM
2021-01-04,110.55,112.3,109.59,111.98,16819900,JPM
2021-01-05,111.15,111.72,109.49,110.57,13731200,JPM
2021-01-06,116.37,117.45,113.12,114.89,24909100,JPM
2021-01-07,120.19,122.24,119.35,120.03,21940400,JPM
2021-01-08,120.32,120.62,118.64,120.28,12035100,JPM
2021-01-11,122.12,122.25,118.63,119.05,15937900,JPM
2021-01-12,124.04,125.31,122.81,123.35,18033500,JPM
2021-01-13,124.15,124.54,122.16,122.6,14816800,JPM
2021-01-14,124.88,126.28,123.84,124.28,18565600,JPM
2021-01-15,122.64,125.3,121.2,121.57,27881000,JPM
2021-01-19,122.11,124.46,121.92,123.72,19843800,JPM
2021-01-20,120.28,122.23,119.81,121.92,16028800,JPM
2021-01-21,119.27,120.45,118.82,120.03,13411700,JPM
2021-01-22,118.35,118.89,116.94,117.38,12933200,JPM
2021-01-25,116.87,117.8,115.05,116.89,14212800,JPM
2021-01-26,116.4,117.8,116.18,117.43,11307800,JPM
2021-01-27,113.1,114.87,112.65,114.64,17603900,JPM
2021-01-28,115.1,116.92,114.1,114.91,13761800,JPM
2021-01-29,113.82,116.52,113.4,116.05,14808100,JPM
2021-02-01,114.66,115.06,113.65,114.47,11080700,JPM
2021-02-02,118.19,118.88,116.08,116.71,12253600,JPM
2021-02-03,119.54,120.09,118.1,118.23,10600800,JPM
2021-02-04,122.3,122.66,119.84,119.84,12419500,JPM
2021-02-05,122.06,123.39,121.53,123.3,10051300,JPM
2021-02-08,123.97,124.11,122.23,122.25,10136400,JPM
2021-02-09,123.47,123.83,122.55,123.34,8614800,JPM
2021-02-10,123.54,124.61,122.99,123.84,10323200,JPM
2021-02-11,123.2,124.33,122.27,123.54,9201000,JPM
2021-02-12,124.95,125.27,122.96,123.0,8324600,JPM
2021-02-16,127.96,128.55,125.97,126.98,12130600,JPM
2021-02-17,128.36,128.6,126.6,127.34,10810100,JPM
2021-02-18,128.79,128.97,126.85,127.38,10587800,JPM
2021-02-19,130.94,131.66,129.03,129.03,11969800,JPM
2021-02-22,132.17,132.86,129.85,129.92,11488400,JPM
2021-02-23,133.23,134.73,132.33,134.03,16234400,JPM
2021-02-24,135.57,136.02,132.79,132.79,15061400,JPM
2021-02-25,133.73,137.02,133.21,136.47,18127700,JPM
2021-02-26,130.19,133.46,129.6,132.96,19829200,JPM
2021-03-01,133.13,133.91,131.35,132.27,14845500,JPM
2021-03-02,132.7,134.26,132.55,132.76,14221700,JPM
2021-03-03,135.26,137.1,133.42,133.78,14324100,JPM
2021-03-04,133.19,136.56,131.47,135.0,20093900,JPM
2021-03-05,133.49,135.78,130.89,135.54,18465100,JPM
2021-03-08,135.26,137.52,133.35,134.87,17133300,JPM
2021-03-09,134.31,136.45,132.53,134.02,16238800,JPM
2021-03-10,137.23,138.14,134.03,134.38,14342200,JPM
2021-03-11,136.51,138.13,135.66,136.33,11771500,JPM
2021-03-12,138.13,139.44,137.17,138.76,12849500,JPM
2021-03-15,137.44,138.81,136.19,138.31,12101100,JPM
2021-03-16,135.79,136.76,134.63,136.31,12805600,JPM
2021-03-17,137.19,138.78,135.39,137.41,13952400,JPM
2021-03-18,139.46,143.03,138.98,139.41,21898500,JPM
2021-03-19,137.24,137.94,133.74,137.56,54418800,JPM
2021-03-22,133.55,136.2,133.23,135.17,19944800,JPM
2021-03-23,132.21,134.57,131.77,132.98,17076300,JPM
2021-03-24,133.24,135.5,132.57,132.69,13079800,JPM
2021-03-25,134.95,135.32,132.1,132.69,15608300,JPM
2021-03-26,137.19,137.51,134.95,136.49,16754400,JPM
2021-03-29,135.06,135.99,133.61,134.57,17570300,JPM
2021-03-30,136.65,137.88,136.12,136.64,13184300,JPM
2021-03-31,134.66,136.66,134.57,135.59,16736700,JPM
2021-04-01,135.97,136.04,134.06,134.37,16561500,JPM
2021-04-05,136.69,137.87,135.78,137.39,13508000,JPM
2021-04-06,135.73,137.28,135.13,135.95,13071600,JPM
2021-04-07,137.86,138.13,135.83,136.23,16903500,JPM
2021-04-08,138.03,138.37,135.53,137.03,12335500,JPM
2021-04-09,139.06,139.74,137.89,138.64,12122400,JPM
2021-04-12,138.77,139.92,138.43,138.44,12273400,JPM
2021-04-13,137.11,138.1,135.63,137.7,16113600,JPM
2021-04-14,134.55,136.88,134.3,134.78,19939600,JPM
2021-04-15,135.4,135.43,132.87,134.58,17694100,JPM
2021-04-16,136.41,137.48,135.86,136.91,13773400,JPM
2021-04-19,135.83,136.92,135.45,136.51,11900200,JPM
2021-04-20,132.82,135.03,132.27,135.02,13716700,JPM
2021-04-21,133.95,134.01,130.62,131.5,12236700,JPM
2021-04-22,131.13,133.74,131.03,133.68,15256100,JPM
2021-04-23,133.64,134.48,130.53,130.96,14041900,JPM
2021-04-26,133.97,135.66,133.81,134.17,10799100,JPM
2021-04-27,134.58,134.87,133.57,133.92,12821200,JPM
2021-04-28,135.46,136.04,134.72,135.63,8943700,JPM
2021-04-29,138.09,138.17,136.32,136.62,12976900,JPM
2021-04-30,136.86,137.47,136.15,137.12,11705100,JPM
2021-05-03,136.46,138.35,136.26,137.79,11801100,JPM
2021-05-04,138.35,138.49,135.38,136.03,12977700,JPM
2021-05-05,140.16,140.84,137.59,138.81,10506700,JPM
2021-05-06,142.98,143.1,139.84,140.65,13542400,JPM
2021-05-07,143.47,143.7,139.72,139.9,14257800,JPM
2021-05-10,143.46,145.69,143.37,143.7,14014300,JPM
2021-05-11,141.07,144.5,140.63,143.33,15451700,JPM
2021-05-12,140.1,143.06,139.73,142.02,14381700,JPM
2021-05-13,143.7,144.55,140.31,140.75,15395000,JPM
2021-05-14,145.94,146.33,144.14,144.5,10584000,JPM
2021-05-17,146.52,146.68,145.07,145.37,9886800,JPM
2021-05-18,144.46,147.26,144.36,146.53,11098100,JPM
2021-05-19,143.36,143.42,141.16,143.26,13278900,JPM
2021-05-20,143.11,144.02,141.94,143.11,10426000,JPM
2021-05-21,144.74,145.23,143.21,143.56,10249000,JPM
2021-05-24,145.52,146.13,144.26,145.36,9440300,JPM
2021-05-25,144.02,147.44,143.76,145.8,12609100,JPM
2021-05-26,144.0,145.7,143.54,145.55,13058300,JPM
2021-05-27,146.24,146.6,144.66,145.88,15707500,JPM
2021-05-28,146.14,146.77,145.27,146.53,10291300,JPM
2021-06-01,147.75,148.52,147.25,147.59,9445400,JPM
2021-06-02,147.76,148.99,147.29,148.83,10498600,JPM
2021-06-03,147.86,148.82,146.52,147.18,13354400,JPM
2021-06-04,148.1,148.3,146.85,147.9,8510800,JPM
2021-06-07,147.41,148.69,146.94,148.6,7267200,JPM
2021-06-08,146.82,147.49,145.18,146.36,10370700,JPM
2021-06-09,144.99,146.12,144.4,146.05,12377400,JPM
2021-06-10,142.73,147.03,142.65,146.25,12119400,JPM
2021-06-11,142.63,143.44,141.53,142.75,13683800,JPM
2021-06-14,140.21,142.66,139.4,142.5,19917900,JPM
2021-06-15,138.08,139.63,137.15,139.43,24485500,JPM
2021-06-16,139.05,140.25,136.24,137.68,25321200,JPM
2021-06-17,135.04,140.11,134.58,139.79,29722400,JPM
2021-06-18,131.62,133.2,131.3,132.85,43595700,JPM
2021-06-21,133.85,134.54,132.6,132.65,18664800,JPM
2021-06-22,133.66,134.33,132.28,134.01,14251200,JPM
2021-06-23,134.47,135.29,133.55,133.65,12733300,JPM
2021-06-24,135.7,136.25,134.56,135.18,13733200,JPM
2021-06-25,137.08,137.48,134.96,135.78,15484900,JPM
2021-06-28,137.32,137.46,135.36,136.76,14125800,JPM
2021-06-29,137.16,139.09,136.68,137.92,14528700,JPM
2021-06-30,138.4,138.88,136.77,136.81,12531000,JPM
2021-07-01,139.77,139.82,138.29,139.04,10479400,JPM
2021-07-02,139.64,139.9,138.82,139.57,11424000,JPM
2021-07-06,137.29,139.41,136.34,139.41,15083400,JPM
2021-07-07,137.45,138.07,135.63,136.04,12271800,JPM
2021-07-08,135.08,136.5,134.28,135.68,17834600,JPM
2021-07-09,139.4,139.74,136.55,136.97,13694500,JPM
2021-07-12,141.4,142.44,137.77,138.13,19940400,JPM
2021-07-13,139.3,140.85,137.37,139.65,22671700,JPM
2021-07-14,138.82,140.76,136.88,139.57,14622800,JPM
2021-07-15,139.13,140.08,137.55,137.73,11539300,JPM
2021-07-16,135.95,139.86,135.15,139.57,14002700,JPM
2021-07-19,131.53,134.08,130.4,132.94,22172900,JPM
2021-07-20,133.98,135.24,130.96,131.13,15385200,JPM
2021-07-21,136.8,137.51,135.46,136.08,12356700,JPM
2021-07-22,135.07,137.32,134.21,136.82,9913300,JPM
2021-07-23,134.81,136.78,134.46,135.56,9666100,JPM
2021-07-26,135.72,135.99,134.39,134.41,8208000,JPM
2021-07-27,135.54,136.47,134.06,134.6,11218700,JPM
2021-07-28,135.76,136.72,135.03,136.29,9217300,JPM
2021-07-29,136.93,137.7,135.95,137.05,9063500,JPM
2021-07-30,135.83,137.52,135.31,136.55,9805200,JPM
2021-08-02,135.29,138.22,135.2,136.06,10203200,JPM
2021-08-03,136.83,137.21,133.81,135.99,10394800,JPM
2021-08-04,135.35,137.26,135.05,135.36,10155000,JPM
2021-08-05,137.06,137.54,136.04,136.28,9151500,JPM
2021-08-06,140.95,141.24,138.81,138.89,13328800,JPM
2021-08-09,140.8,141.89,139.52,140.97,9516900,JPM
2021-08-10,142.53,143.17,139.89,140.27,8667000,JPM
2021-08-11,144.23,144.53,142.37,143.19,9156500,JPM
2021-08-12,144.79,145.31,143.68,144.87,8844200,JPM
2021-08-13,143.17,145.12,142.81,144.79,8980900,JPM
2021-08-16,142.23,142.32,140.31,142.24,8755800,JPM
2021-08-17,140.51,142.17,138.96,141.02,9347200,JPM
2021-08-18,139.23,141.41,139.02,139.89,8065500,JPM
2021-08-19,138.07,139.22,136.93,137.07,9517700,JPM
2021-08-20,138.46,138.63,137.07,138.13,6974100,JPM
2021-08-23,140.24,140.59,138.93,139.01,7934600,JPM
2021-08-24,141.1,141.89,140.39,140.51,7670900,JPM
2021-08-25,144.01,144.78,141.22,141.86,11335000,JPM
2021-08-26,144.76,146.62,144.22,145.21,11027500,JPM
2021-08-27,145.92,146.02,144.32,144.76,8780200,JPM
2021-08-30,143.58,146.31,143.08,146.06,7937600,JPM
2021-08-31,143.15,144.42,142.61,143.58,12340800,JPM
2021-09-01,142.94,143.87,142.27,143.39,8729900,JPM
2021-09-02,143.6,144.63,142.68,143.21,8813300,JPM
2021-09-03,142.73,143.99,142.43,143.54,7959700,JPM
2021-09-07,142.48,144.42,142.26,143.18,9285600,JPM
2021-09-08,141.85,142.81,141.44,142.2,7852700,JPM
2021-09-09,142.46,143.93,141.47,141.64,7904300,JPM
2021-09-10,140.83,143.83,140.7,143.69,8311600,JPM
2021-09-13,143.06,143.23,141.46,141.87,10052800,JPM
2021-09-14,140.57,144.39,139.84,143.59,11685600,JPM
2021-09-15,141.54,142.02,140.03,140.25,11691500,JPM
2021-09-16,141.48,143.95,140.7,142.66,10880900,JPM
2021-09-17,141.11,142.3,140.51,140.85,25581600,JPM
2021-09-20,136.89,138.32,134.68,137.72,15819900,JPM
2021-09-21,136.91,138.31,136.55,137.4,8999900,JPM
2021-09-22,139.53,140.73,138.8,138.89,11236200,JPM
2021-09-23,144.25,144.72,141.1,141.4,12336100,JPM
2021-09-24,145.91,146.4,143.92,144.48,10102400,JPM
2021-09-27,149.44,149.81,147.32,147.66,13220900,JPM
2021-09-28,148.63,151.51,148.26,150.08,13387900,JPM
2021-09-29,148.51,149.36,147.7,148.75,7777100,JPM
2021-09-30,146.49,149.45,145.69,149.38,13161200,JPM
2021-10-01,149.57,150.62,146.41,146.77,11285000,JPM
2021-10-04,149.41,152.53,148.32,149.43,14120000,JPM
2021-10-05,151.85,153.18,150.06,150.54,12292900,JPM
2021-10-06,152.17,152.25,149.45,151.25,8692600,JPM
2021-10-07,153.14,154.42,152.64,154.14,10195400,JPM
2021-10-08,153.25,154.26,152.43,153.07,8190100,JPM
2021-10-11,150.03,154.22,149.87,153.78,12154700,JPM
2021-10-12,148.88,150.08,148.35,149.23,13032600,JPM
2021-10-13,144.95,148.92,144.59,147.72,22753500,JPM
2021-10-14,147.18,147.66,144.11,145.63,15176800,JPM
2021-10-15,150.0,150.51,147.78,148.87,14267400,JPM
2021-10-18,149.95,151.8,149.37,149.89,12672900,JPM
2021-10-19,151.77,151.84,149.98,150.72,8053900,JPM
2021-10-20,153.81,153.84,150.77,151.53,8185600,JPM
2021-10-21,152.61,154.25,151.87,153.74,8415200,JPM
2021-10-22,154.66,154.94,152.79,153.08,8817900,JPM
2021-10-25,153.9,155.72,153.49,155.5,10159200,JPM
2021-10-26,154.32,155.3,153.54,153.96,8015100,JPM
2021-10-27,151.1,153.69,150.66,153.34,9847000,JPM
2021-10-28,153.38,153.52,151.22,151.53,7212900,JPM
2021-10-29,152.96,155.07,152.51,154.12,8140100,JPM
2021-11-01,152.88,155.15,152.16,154.89,7435500,JPM
2021-11-02,153.48,154.58,152.08,152.88,7173800,JPM
2021-11-03,153.53,154.07,152.29,153.17,8402700,JPM
2021-11-04,151.52,153.24,149.9,153.06,9574200,JPM
2021-11-05,151.3,153.14,150.72,152.07,7975600,JPM
2021-11-08,152.21,153.88,151.92,152.2,6413700,JPM
2021-11-09,151.06,151.68,149.99,150.67,7990300,JPM
2021-11-10,150.91,152.11,150.44,150.76,6999200,JPM
2021-11-11,150.9,151.87,150.26,150.82,5815300,JPM
2021-11-12,150.23,151.02,149.2,150.94,8113400,JPM
2021-11-15,149.96,151.07,149.45,150.54,6492500,JPM
2021-11-16,148.88,150.42,148.66,150.41,9706100,JPM
2021-11-17,148.08,149.06,147.1,148.74,9909600,JPM
2021-11-18,146.8,148.42,146.36,148.01,8122500,JPM
2021-11-19,144.88,145.95,143.56,145.22,12193600,JPM
2021-11-22,147.97,149.44,146.74,147.8,14549900,JPM
2021-11-23,151.51,151.76,148.89,149.0,12354400,JPM
2021-11-24,150.32,152.55,149.85,151.67,9629800,JPM
2021-11-26,145.79,146.44,142.99,145.98,13619300,JPM
2021-11-29,145.16,148.36,143.89,147.03,12104400,JPM
2021-11-30,143.0,144.62,142.51,143.3,18922600,JPM
2021-12-01,142.15,147.0,142.07,144.95,12253400,JPM
2021-12-02,145.14,146.98,142.97,143.9,12969900,JPM
2021-12-03,142.51,145.7,141.52,145.4,12681800,JPM
2021-12-06,144.2,146.4,143.57,144.96,11186500,JPM
2021-12-07,146.37,147.1,145.1,145.75,9851600,JPM
2021-12-08,144.69,147.0,144.21,146.45,11705700,JPM
2021-12-09,144.47,144.89,142.84,143.74,11189600,JPM
2021-12-10,143.89,145.58,143.27,145.24,10405400,JPM
2021-12-13,142.18,143.86,141.6,143.6,12069000,JPM
2021-12-14,143.27,144.85,141.62,141.76,12563600,JPM
2021-12-15,142.2,143.92,141.67,143.92,14014200,JPM
2021-12-16,144.42,145.69,142.88,144.4,19542800,JPM
2021-12-17,141.14,143.49,139.71,143.44,28082000,JPM
2021-12-20,138.6,139.28,136.71,139.11,15148000,JPM
2021-12-21,140.53,141.51,139.63,139.92,11291300,JPM
2021-12-22,141.08,141.41,139.77,140.23,7273000,JPM
2021-12-23,141.59,143.26,141.54,141.9,8055200,JPM
2021-12-27,142.4,142.43,140.76,141.89,6188100,JPM
2021-12-28,142.83,144.19,142.32,142.43,6342300,JPM
2021-12-29,142.76,143.72,142.39,143.02,6398900,JPM
2021-12-30,142.68,144.27,142.59,143.25,6948200,JPM
2021-12-31,142.57,143.41,142.22,142.66,5805900,JPM
2022-01-03,145.58,146.43,143.61,143.93,13120900,JPM
2022-01-04,151.1,151.78,147.86,147.93,20195800,JPM
2022-01-05,148.34,152.49,148.29,152.0,17539400,JPM
2022-01-06,149.92,151.59,148.42,151.17,14047500,JPM
2022-01-07,151.4,151.74,149.5,150.05,13913300,JPM
2022-01-10,151.55,153.35,149.92,153.13,12922500,JPM
2022-01-11,151.7,152.63,150.63,152.4,11854100,JPM
2022-01-12,152.56,153.6,151.42,152.58,12568000,JPM
2022-01-13,152.37,153.8,152.06,152.47,13623400,JPM
2022-01-14,143.01,145.85,142.11,145.6,40158400,JPM
2022-01-18,137.01,141.09,136.35,141.09,32324800,JPM
2022-01-19,134.89,137.88,134.55,137.28,22380000,JPM
2022-01-20,133.74,136.41,133.47,134.94,14860800,JPM
2022-01-21,131.4,133.6,130.67,133.59,20705400,JPM
2022-01-24,131.28,131.77,126.41,128.87,28471400,JPM
2022-01-25,132.72,133.01,127.52,130.11,18915900,JPM
2022-01-26,133.97,136.38,132.2,134.7,20709100,JPM
2022-01-27,131.61,136.2,130.54,135.33,17536800,JPM
2022-01-28,132.79,132.92,128.77,130.6,14117000,JPM
2022-01-31,134.59,134.76,131.03,131.91,13985700,JPM
2022-02-01,136.9,137.19,134.32,134.67,14584900,JPM
2022-02-02,135.8,136.71,134.11,136.31,12441100,JPM
2022-02-03,134.68,137.35,134.31,135.86,12474900,JPM
2022-02-04,138.18,139.03,134.74,135.04,16654400,JPM
2022-02-07,138.64,139.14,136.63,138.82,12572300,JPM
2022-02-08,141.25,143.54,140.21,140.39,20411400,JPM
2022-02-09,141.84,142.59,141.13,141.83,9131100,JPM
2022-02-10,141.25,144.04,140.59,141.89,16455600,JPM
2022-02-11,139.41,143.28,138.55,140.94,16830000,JPM
2022-02-14,138.11,139.19,136.15,138.33,17026500,JPM
2022-02-15,140.13,141.24,139.35,139.94,9500000,JPM
2022-02-16,140.39,141.38,139.25,139.25,9076500,JPM
2022-02-17,137.15,139.24,136.47,138.58,11367500,JPM
2022-02-18,137.8,139.61,136.88,137.79,11733300,JPM
2022-02-22,137.55,138.79,136.23,136.4,11333500,JPM
2022-02-23,134.67,138.85,134.02,138.68,11799000,JPM
2022-02-24,130.92,131.32,126.6,129.46,25655100,JPM
2022-02-25,134.02,135.98,131.25,131.56,18367700,JPM
2022-02-28,128.43,131.38,127.6,130.02,31315300,JPM
2022-03-01,123.59,127.24,120.99,126.84,36840400,JPM
2022-03-02,126.15,126.84,123.73,124.35,19405600,JPM
2022-03-03,125.25,127.69,124.14,126.66,16640800,JPM
2022-03-04,121.73,122.65,119.92,122.22,21016000,JPM
2022-03-07,117.03,120.18,116.79,119.71,27560100,JPM
2022-03-08,116.2,119.37,115.27,117.42,19207800,JPM
2022-03-09,120.86,122.49,119.95,120.37,17536200,JPM
2022-03-10,119.43,120.87,118.03,119.43,15604200,JPM
2022-03-11,116.74,121.44,116.31,120.0,20061800,JPM
2022-03-14,117.9,120.39,117.05,117.26,15786900,JPM
2022-03-15,119.99,120.96,118.77,119.37,15096600,JPM
2022-03-16,125.35,125.43,121.76,122.16,20354900,JPM
2022-03-17,126.94,126.97,123.11,123.96,17050500,JPM
2022-03-18,126.89,127.57,125.41,126.97,23656500,JPM
2022-03-21,126.48,127.49,125.65,127.12,12676100,JPM
2022-03-22,129.17,130.36,128.36,128.86,13548600,JPM
2022-03-23,126.6,128.24,126.08,127.69,12093200,JPM
2022-03-24,127.43,127.44,126.0,127.07,10017600,JPM
2022-03-25,128.54,129.68,127.53,127.79,8383500,JPM
2022-03-28,127.59,127.68,124.9,126.8,10818100,JPM
2022-03-29,127.87,130.06,127.02,129.84,11316500,JPM
2022-03-30,127.29,128.72,126.72,128.52,8771000,JPM
2022-03-31,123.47,127.12,123.41,126.65,17353900,JPM
2022-04-01,122.55,124.46,121.19,124.45,15721300,JPM
2022-04-04,123.1,124.03,120.36,121.48,17416400,JPM
2022-04-05,121.66,123.54,121.36,122.33,12110300,JPM
2022-04-06,119.98,120.95,119.49,120.06,12914700,JPM
2022-04-07,119.61,120.37,117.46,119.48,12994200,JPM
2022-04-08,121.8,122.18,119.98,120.14,13126900,JPM
2022-04-11,121.35,123.09,120.96,121.35,10466400,JPM
2022-04-12,120.02,122.8,119.26,120.57,12989900,JPM
2022-04-13,116.15,117.93,114.98,115.83,30838000,JPM
2022-04-14,115.08,117.07,114.07,115.42,18835200,JPM
2022-04-18,117.21,117.92,114.55,114.67,11834400,JPM
2022-04-19,119.64,119.82,117.0,117.2,15015400,JPM
2022-04-20,120.06,121.82,119.84,120.92,13430200,JPM
2022-04-21,119.13,121.18,118.58,120.64,12174200,JPM
2022-04-22,115.71,119.09,115.6,118.87,14318800,JPM
2022-04-25,115.67,115.99,112.33,114.98,17149000,JPM
2022-04-26,112.25,115.34,112.11,113.73,17209500,JPM
2022-04-27,110.79,112.74,110.61,111.62,17215200,JPM
2022-04-28,112.54,112.82,110.53,112.06,13015600,JPM
2022-04-29,108.91,112.79,108.49,112.28,14874800,JPM
2022-05-02,109.9,110.14,107.87,109.38,18545000,JPM
2022-05-03,112.26,113.3,110.2,110.89,15720900,JPM
2022-05-04,115.97,116.24,111.99,112.05,17128500,JPM
2022-05-05,113.07,115.06,111.46,114.28,15055400,JPM
2022-05-06,112.89,113.41,110.57,112.96,14417900,JPM
2022-05-09,111.19,112.53,109.95,111.42,14312300,JPM
2022-05-10,108.48,112.94,107.27,112.33,16382400,JPM
2022-05-11,107.8,112.13,107.61,108.85,14630300,JPM
2022-05-12,107.7,107.96,105.27,106.76,16318800,JPM
2022-05-13,108.66,109.72,107.63,108.95,10443200,JPM
2022-05-16,107.91,109.0,106.97,108.16,10269000,JPM
2022-05-17,111.48,112.2,110.23,110.44,11160200,JPM
2022-05-18,109.57,111.29,109.06,110.68,12664900,JPM
2022-05-19,107.95,109.17,107.33,107.84,12765800,JPM
2022-05-20,107.07,109.19,104.95,109.0,13150100,JPM
2022-05-23,113.69,115.49,109.9,109.91,24376700,JPM
2022-05-24,115.3,116.33,112.33,113.47,19324900,JPM
2022-05-25,116.1,116.66,114.21,115.22,12780400,JPM
2022-05-26,118.11,118.79,116.98,117.13,15990900,JPM
2022-05-27,119.78,119.78,117.83,118.76,11177800,JPM
2022-05-31,120.65,121.49,118.35,118.78,17015000,JPM
2022-06-01,118.54,121.24,117.4,121.24,10768000,JPM
2022-06-02,120.44,120.45,117.4,118.53,8374800,JPM
2022-06-03,118.76,120.23,118.61,119.72,8596000,JPM
2022-06-06,118.37,120.8,118.12,119.61,11323500,JPM
2022-06-07,118.68,118.91,117.36,117.55,6722200,JPM
2022-06-08,116.79,118.12,115.79,117.7,8422100,JPM
2022-06-09,114.34,116.88,114.3,116.22,13560100,JPM
2022-06-10,109.08,112.6,108.87,111.86,12945200,JPM
2022-06-13,105.83,107.62,104.99,106.63,16805600,JPM
2022-06-14,104.07,107.05,103.31,105.43,13357900,JPM
2022-06-15,105.3,106.71,103.26,105.5,14083500,JPM
2022-06-16,103.5,104.26,102.07,103.89,16724900,JPM
2022-06-17,103.13,104.59,102.34,103.6,30919900,JPM
2022-06-21,105.69,106.78,104.97,105.72,11680500,JPM
2022-06-22,105.09,106.03,104.37,104.82,9842700,JPM
2022-06-23,103.95,105.09,101.72,104.94,11851500,JPM
2022-06-24,107.05,107.5,102.95,103.32,14841100,JPM
2022-06-27,106.19,108.12,105.51,107.72,11280500,JPM
2022-06-28,105.68,108.84,105.48,107.37,11590900,JPM
2022-06-29,105.2,106.59,104.68,105.84,9338400,JPM
2022-06-30,102.75,104.09,101.22,103.26,15172600,JPM
2022-07-01,104.06,104.4,101.43,102.79,10573600,JPM
2022-07-05,103.67,103.75,100.61,101.96,12514200,JPM
2022-07-06,103.0,104.01,101.98,102.85,10656200,JPM
2022-07-07,105.6,105.77,104.39,104.48,10347400,JPM
2022-07-08,105.27,106.46,104.58,106.01,8807800,JPM
2022-07-11,103.89,105.15,103.3,104.52,7939500,JPM
2022-07-12,103.99,106.02,103.34,103.63,11250900,JPM
2022-07-13,103.01,103.54,101.61,102.87,12979900,JPM
2022-07-14,99.42,99.63,97.63,99.41,26204800,JPM
2022-07-15,103.97,104.83,99.11,100.48,18863900,JPM
2022-07-18,102.9,106.63,102.44,105.65,13977900,JPM
2022-07-19,105.45,105.8,103.71,104.14,11862300,JPM
2022-07-20,105.44,105.62,104.46,105.03,11667500,JPM
2022-07-21,106.15,106.35,104.36,105.34,11595900,JPM
2022-07-22,105.64,107.01,104.63,106.08,7645500,JPM
2022-07-25,106.06,107.2,105.65,106.63,9394000,JPM
2022-07-26,104.4,106.39,104.05,105.47,10675100,JPM
2022-07-27,106.08,106.54,104.29,104.95,9337400,JPM
2022-07-28,105.68,106.76,104.51,106.09,10384800,JPM
2022-07-29,106.19,107.24,105.67,106.4,12944500,JPM
2022-08-01,105.13,105.96,104.08,105.4,14740400,JPM
2022-08-02,103.49,105.31,103.35,104.86,14942900,JPM
2022-08-03,104.58,105.03,102.83,104.43,14394500,JPM
2022-08-04,103.43,104.31,102.2,103.88,18033900,JPM
2022-08-05,106.56,106.95,103.14,103.59,14174600,JPM
2022-08-08,105.26,107.42,105.1,107.01,10332500,JPM
2022-08-09,106.21,106.77,105.28,105.63,10233800,JPM
2022-08-10,108.98,109.88,108.16,108.58,12847300,JPM
2022-08-11,110.59,111.57,109.83,110.37,11684900,JPM
2022-08-12,112.42,112.53,109.95,111.08,9906700,JPM
2022-08-15,112.73,112.97,111.01,111.51,8456200,JPM
2022-08-16,113.8,114.36,112.18,112.57,9555000,JPM
2022-08-17,112.85,113.37,112.02,112.58,8149300,JPM
2022-08-18,111.97,112.73,110.97,112.52,9531800,JPM
2022-08-19,109.2,111.37,108.72,111.03,13464500,JPM
2022-08-22,107.4,107.85,106.32,107.47,8967600,JPM
2022-08-23,106.34,107.97,106.21,107.41,7607000,JPM
2022-08-24,106.6,107.16,105.35,106.13,9771300,JPM
2022-08-25,109.13,109.3,106.48,106.93,10758900,JPM
2022-08-26,105.55,110.45,105.49,109.96,11276200,JPM
2022-08-29,105.3,105.73,104.44,104.94,8117300,JPM
2022-08-30,105.32,106.39,104.35,105.86,10745400,JPM
2022-08-31,104.69,105.89,104.33,105.38,10738300,JPM
2022-09-01,105.41,105.52,103.01,104.28,9979800,JPM
2022-09-02,104.67,108.11,104.19,106.66,10666600,JPM
2022-09-06,104.7,105.63,103.16,105.24,9751900,JPM
2022-09-07,106.69,106.88,103.8,104.14,10647900,JPM
2022-09-08,109.17,109.35,105.52,106.12,11435000,JPM
2022-09-09,109.7,110.51,109.24,109.67,9299700,JPM
2022-09-12,111.0,111.89,110.27,111.03,8614600,JPM
2022-09-13,107.14,109.47,106.58,108.68,12904600,JPM
2022-09-14,106.89,108.47,105.75,107.42,9345700,JPM
2022-09-15,108.5,109.89,106.56,106.89,10821400,JPM
2022-09-16,107.77,108.07,106.2,108.06,14844100,JPM
2022-09-19,108.77,109.29,106.33,106.78,8201300,JPM
2022-09-20,106.62,108.33,105.53,108.08,9619000,JPM
2022-09-21,103.55,107.33,103.48,107.28,12606300,JPM
2022-09-22,102.37,104.57,102.24,104.37,11684500,JPM
2022-09-23,100.46,101.57,98.64,101.3,18138600,JPM
2022-09-26,98.3,100.9,97.63,99.42,15753600,JPM
2022-09-27,97.44,99.57,96.33,99.19,12793600,JPM
2022-09-28,99.41,100.09,97.24,97.53,12762600,JPM
2022-09-29,97.72,98.75,96.1,98.45,12713900,JPM
2022-09-30,96.19,99.07,96.1,97.63,15973400,JPM
2022-10-03,99.17,99.75,96.16,97.22,12248100,JPM
2022-10-04,103.81,104.01,101.13,101.82,16013600,JPM
2022-10-05,102.52,103.04,101.08,101.93,10943500,JPM
2022-10-06,100.43,102.34,100.25,101.66,11521400,JPM
2022-10-07,98.43,100.04,97.77,99.86,11681100,JPM
2022-10-10,97.51,99.66,97.07,99.13,8931700,JPM
2022-10-11,94.69,97.09,94.59,96.93,12739700,JPM
2022-10-12,96.23,97.27,94.06,94.55,13181000,JPM
2022-10-13,101.58,102.07,94.51,94.71,22398700,JPM
2022-10-14,103.27,107.03,102.83,103.98,33387100,JPM
2022-10-17,107.6,108.67,106.17,107.19,22276300,JPM
2022-10-18,110.37,111.58,108.63,111.13,21539700,JPM
2022-10-19,108.21,110.36,107.43,109.58,17072000,JPM
2022-10-20,107.86,110.25,107.41,108.81,12207400,JPM
2022-10-21,113.52,113.67,108.04,108.16,20593300,JPM
2022-10-24,113.66,114.33,112.68,113.37,12624200,JPM
2022-10-25,113.96,114.49,112.28,113.17,11289100,JPM
2022-10-26,115.27,116.28,114.12,114.24,11667000,JPM
2022-10-27,115.72,117.21,115.36,116.28,10727600,JPM
2022-10-28,117.1,117.28,115.21,116.36,11859500,JPM
2022-10-31,116.91,118.35,116.64,116.74,13295200,JPM
2022-11-01,119.02,119.14,117.33,117.83,13386900,JPM
2022-11-02,117.92,121.07,117.62,118.55,16546100,JPM
2022-11-03,118.14,119.05,116.94,117.31,12474400,JPM
2022-11-04,121.37,121.51,119.31,120.26,14953200,JPM
2022-11-07,122.01,122.86,121.18,121.67,12011200,JPM
2022-11-08,122.08,122.65,120.87,121.89,9884100,JPM
2022-11-09,120.5,122.07,120.01,121.96,9494000,JPM
2022-11-10,125.46,125.61,123.09,123.18,16351600,JPM
2022-11-11,125.66,126.47,124.25,125.56,10704700,JPM
2022-11-14,124.37,126.06,124.37,125.19,11085600,JPM
2022-11-15,123.47,126.04,122.22,125.08,14038300,JPM
2022-11-16,123.63,124.04,122.62,123.52,7893400,JPM
2022-11-17,123.1,123.42,121.93,122.59,8820200,JPM
2022-11-18,124.3,125.07,122.85,124.98,9468500,JPM
2022-11-21,123.57,124.97,123.29,124.21,7800500,JPM
2022-11-22,125.42,125.63,124.16,124.45,9185700,JPM
2022-11-23,126.76,126.77,125.25,125.33,7316200,JPM
2022-11-25,127.0,127.37,126.37,126.76,3220500,JPM
2022-11-28,124.78,126.97,124.63,126.37,9906900,JPM
2022-11-29,126.83,126.9,124.83,125.07,7925300,JPM
2022-11-30,128.33,128.33,123.7,126.39,14761200,JPM
2022-12-01,126.53,128.78,125.78,128.33,8858500,JPM
2022-12-02,125.53,125.71,123.84,124.91,8931900,JPM
2022-12-05,122.01,124.98,121.29,124.67,10154500,JPM
2022-12-06,122.21,125.48,120.62,123.89,13966700,JPM
2022-12-07,122.13,123.6,121.04,121.95,11739400,JPM
2022-12-08,123.41,123.5,122.07,122.9,8907300,JPM
2022-12-09,122.74,124.23,122.59,122.78,7957800,JPM
2022-12-12,124.65,125.06,122.22,122.97,8841600,JPM
2022-12-13,124.53,127.32,123.6,127.14,10025400,JPM
2022-12-14,123.9,126.04,123.3,124.25,9966100,JPM
2022-12-15,120.83,122.67,119.85,121.81,12087800,JPM
2022-12-16,120.08,120.64,119.28,119.95,21133700,JPM
2022-12-19,120.79,121.97,119.89,120.41,9017200,JPM
2022-12-20,121.38,122.64,120.92,121.64,8549900,JPM
2022-12-21,122.74,123.5,122.38,122.76,8051700,JPM
2022-12-22,121.35,121.94,119.26,121.76,8648200,JPM
2022-12-23,121.93,122.07,120.4,121.28,5091900,JPM
2022-12-27,122.35,122.8,121.25,122.2,5411000,JPM
2022-12-28,123.02,123.9,121.68,122.46,8827700,JPM
2022-12-29,123.73,123.77,122.88,123.46,6585200,JPM
2022-12-30,124.54,124.76,123.0,123.35,9292500,JPM
2023-01-03,125.49,127.0,124.35,125.6,11054800,JPM
2023-01-04,126.66,127.87,125.91,126.3,11687600,JPM
2023-01-05,126.63,126.97,125.09,126.92,8381300,JPM
2023-01-06,129.06,129.47,125.83,127.36,10029100,JPM
2023-01-09,128.52,129.94,128.07,129.68,8482300,JPM
2023-01-10,129.68,129.79,128.47,128.92,9048700,JPM
2023-01-11,130.64,130.75,129.21,129.96,8703700,JPM
2023-01-12,130.51,131.79,130.26,130.98,11001700,JPM
2023-01-13,133.8,134.25,126.12,126.87,20200000,JPM
2023-01-17,131.73,132.43,130.26,132.08,14292900,JPM
2023-01-18,127.78,131.67,127.63,129.97,13392600,JPM
2023-01-19,126.07,127.15,124.99,126.61,13303400,JPM
2023-01-20,126.38,126.77,124.95,126.46,13092500,JPM
2023-01-23,128.43,129.08,126.14,126.42,10487100,JPM
2023-01-24,129.53,131.26,126.31,127.64,6945000,JPM
2023-01-25,130.16,130.16,128.41,129.16,8967000,JPM
2023-01-26,130.97,131.04,129.45,130.44,7487600,JPM
2023-01-27,131.28,132.16,130.75,131.56,7489900,JPM
2023-01-30,130.17,131.07,129.97,130.26,6729300,JPM
2023-01-31,130.95,131.05,129.35,130.87,9188700,JPM
2023-02-01,130.6,131.81,129.23,129.31,8841800,JPM
2023-02-02,129.99,131.42,129.11,130.98,11822100,JPM
2023-02-03,132.0,133.16,129.24,129.28,11501200,JPM
2023-02-06,132.78,133.08,131.01,131.2,8406200,JPM
2023-02-07,134.4,135.05,132.09,132.28,10447900,JPM
2023-02-08,133.45,134.76,133.12,133.46,6958000,JPM
2023-02-09,131.38,134.11,130.86,133.9,6443100,JPM
2023-02-10,131.96,132.18,129.67,130.78,6582900,JPM
2023-02-13,133.39,133.54,131.68,132.2,7134600,JPM
2023-02-14,133.98,134.55,132.48,133.32,9249400,JPM
2023-02-15,134.54,134.62,132.2,132.49,6728300,JPM
2023-02-16,132.69,134.16,132.56,133.71,8165300,JPM
2023-02-17,133.08,133.63,131.05,131.9,7948800,JPM
2023-02-21,130.64,132.24,129.82,131.63,9996300,JPM
2023-02-22,129.64,130.45,128.59,129.97,11107500,JPM
2023-02-23,130.68,131.14,129.06,129.8,8068000,JPM
2023-02-24,131.86,132.26,129.98,130.15,9126900,JPM
2023-02-27,133.01,134.08,132.59,132.96,10014700,JPM
2023-02-28,134.12,134.5,132.76,133.74,11019800,JPM
2023-03-01,133.37,134.22,132.67,132.95,7139200,JPM
2023-03-02,131.99,133.26,130.55,133.08,11106800,JPM
2023-03-03,134.41,134.48,132.0,132.4,9513100,JPM
2023-03-06,133.62,134.76,133.47,134.2,9261300,JPM
2023-03-07,129.69,133.15,128.94,132.87,11747600,JPM
2023-03-08,128.93,129.67,128.08,129.11,10002500,JPM
2023-03-09,121.95,128.51,120.9,127.95,25888100,JPM
2023-03-10,125.04,126.55,119.59,120.66,37599700,JPM
2023-03-13,122.8,125.26,121.08,122.76,42901100,JPM
2023-03-14,125.95,126.8,122.84,126.57,29648100,JPM
2023-03-15,120.0,122.56,118.57,122.55,34280600,JPM
2023-03-16,122.33,123.45,117.91,119.77,24558500,JPM
2023-03-17,117.71,120.21,117.37,120.11,38396000,JPM
2023-03-20,118.95,121.13,117.9,118.81,22875500,JPM
2023-03-21,122.14,123.25,121.81,122.18,17807800,JPM
2023-03-22,118.99,122.25,118.9,122.15,17250200,JPM
2023-03-23,118.67,121.19,117.91,119.66,16677600,JPM
2023-03-24,116.87,117.59,115.18,117.54,22311100,JPM
2023-03-27,120.22,121.05,118.16,118.63,18853900,JPM
2023-03-28,120.58,121.01,119.51,120.42,10820500,JPM
2023-03-29,120.82,121.83,119.54,121.72,14595300,JPM
2023-03-30,120.46,121.74,119.43,121.58,12134700,JPM
2023-03-31,121.92,121.95,120.55,121.31,13105200,JPM
2023-04-03,121.78,122.98,121.08,121.54,11775400,JPM
2023-04-04,120.15,122.18,119.21,122.1,11579900,JPM
2023-04-05,120.33,120.84,119.25,119.57,9614700,JPM
2023-04-06,120.2,120.77,119.62,119.75,8760200,JPM
2023-04-10,120.59,120.91,119.02,119.32,9477300,JPM
2023-04-11,121.19,121.58,120.26,120.98,10516300,JPM
2023-04-12,121.17,122.99,120.75,121.81,11821000,JPM
2023-04-13,121.63,121.68,119.59,121.13,12450200,JPM
2023-04-14,130.82,131.18,127.2,127.44,43931300,JPM
2023-04-17,131.85,132.07,129.81,131.97,16050500,JPM
2023-04-18,133.33,133.69,131.1,132.27,13760100,JPM
2023-04-19,133.16,133.43,132.39,133.17,9158100,JPM
2023-04-20,132.78,133.36,131.86,131.93,10586200,JPM
2023-04-21,132.52,133.06,130.86,131.77,11842500,JPM
2023-04-24,132.7,133.05,132.05,132.45,7567500,JPM
2023-04-25,129.82,131.98,129.78,131.64,10629300,JPM
2023-04-26,127.52,129.95,126.36,129.77,14416100,JPM
2023-04-27,129.23,130.04,127.92,128.24,9041100,JPM
2023-04-28,130.35,130.43,127.93,128.77,9887300,JPM
2023-05-01,133.14,135.19,132.8,134.14,20415800,JPM
2023-05-02,130.99,134.29,130.53,133.33,14113400,JPM
2023-05-03,128.22,130.76,128.01,130.54,12930900,JPM
2023-05-04,126.47,127.98,124.29,127.26,17089200,JPM
2023-05-05,128.94,130.01,128.16,128.66,11261400,JPM
2023-05-08,129.25,130.1,128.69,129.65,7484900,JPM
2023-05-09,128.63,129.14,127.5,128.18,7343600,JPM
2023-05-10,128.69,130.18,127.18,130.08,8133400,JPM
2023-05-11,128.29,129.0,127.2,127.3,7057300,JPM
2023-05-12,126.45,129.17,125.53,129.01,9988600,JPM
2023-05-15,127.52,127.93,126.32,126.61,7639500,JPM
2023-05-16,126.66,128.18,126.32,127.73,6477200,JPM
2023-05-17,130.55,130.68,127.73,128.15,12711500,JPM
2023-05-18,131.54,131.76,129.9,130.38,10999600,JPM
2023-05-19,131.24,132.47,130.25,131.81,13492200,JPM
2023-05-22,130.16,133.56,129.81,132.96,11402500,JPM
2023-05-23,128.8,131.1,128.67,129.69,9514900,JPM
2023-05-24,127.62,128.57,127.37,127.68,8578000,JPM
2023-05-25,127.93,128.5,126.9,127.13,8472500,JPM
2023-05-26,129.13,129.75,127.89,128.34,8579900,JPM
2023-05-30,129.62,129.86,128.26,129.0,7399900,JPM
2023-05-31,127.97,129.03,126.73,128.93,14219900,JPM
2023-06-01,129.73,130.34,127.72,128.73,12248100,JPM
2023-06-02,132.46,133.41,131.39,131.6,12922500,JPM
2023-06-05,131.15,132.12,130.25,132.12,8511900,JPM
2023-06-06,131.39,132.11,130.33,130.77,9329500,JPM
2023-06-07,132.66,133.21,130.91,131.59,9281400,JPM
2023-06-08,132.7,132.85,131.52,132.64,7368100,JPM
2023-06-09,132.97,133.71,132.21,132.34,7249100,JPM
2023-06-12,132.96,133.26,131.79,133.02,7596600,JPM
2023-06-13,133.92,134.72,132.14,132.47,7701600,JPM
2023-06-14,133.42,135.42,132.67,134.84,9068700,JPM
2023-06-15,134.93,135.22,132.04,132.57,9343100,JPM
2023-06-16,135.09,135.76,134.37,134.89,13813500,JPM
2023-06-20,134.4,134.84,132.99,134.47,8428600,JPM
2023-06-21,134.2,135.8,133.61,134.75,9926500,JPM
2023-06-22,131.62,134.46,131.02,134.19,10075200,JPM
2023-06-23,130.93,131.24,129.77,130.64,9919500,JPM
2023-06-26,131.25,132.02,129.83,130.95,8429700,JPM
2023-06-27,131.26,131.86,130.64,131.07,8154000,JPM
2023-06-28,130.68,131.27,130.09,131.22,7558600,JPM
2023-06-29,135.25,135.37,131.87,132.08,15423200,JPM
2023-06-30,137.14,137.67,135.46,136.35,14212800,JPM
2023-07-03,138.25,139.07,137.67,137.85,8021600,JPM
2023-07-05,137.32,138.07,137.06,137.61,8934900,JPM
2023-07-06,135.97,136.14,134.29,135.79,9709500,JPM
2023-07-07,137.04,138.46,135.77,136.63,8981500,JPM
2023-07-10,137.81,138.61,137.19,137.19,9100100,JPM
2023-07-11,139.96,140.34,138.34,138.94,11260900,JPM
2023-07-12,140.66,142.29,139.57,139.99,11323200,JPM
2023-07-13,141.34,141.82,140.28,141.18,11234900,JPM
2023-07-14,142.2,145.16,140.9,143.89,27028400,JPM
2023-07-17,145.62,145.97,142.75,142.75,17262400,JPM
2023-07-18,145.89,146.59,145.09,145.62,13491700,JPM
2023-07-19,146.45,147.36,144.52,145.02,12510000,JPM
2023-07-20,148.25,148.67,146.6,146.71,9935900,JPM
2023-07-21,147.11,148.24,146.87,147.92,10636400,JPM
2023-07-24,150.01,150.76,146.9,147.13,14381400,JPM
2023-07-25,148.89,149.74,148.07,149.34,9944700,JPM
2023-07-26,149.78,150.25,148.38,148.78,8728600,JPM
2023-07-27,148.13,150.75,147.68,149.79,10778400,JPM
2023-07-28,148.97,149.63,148.53,149.33,9103800,JPM
2023-07-31,149.97,151.32,149.2,149.23,8892700,JPM
2023-08-01,149.23,150.01,148.25,149.47,6853900,JPM
2023-08-02,147.54,147.82,146.15,147.69,8299400,JPM
2023-08-03,148.44,148.98,146.54,147.16,6084000,JPM
2023-08-04,148.13,149.82,147.83,148.49,6209400,JPM
2023-08-07,148.83,149.72,148.68,148.68,7251800,JPM
2023-08-08,148.0,148.09,144.87,146.52,8623400,JPM
2023-08-09,146.01,147.65,145.71,147.46,6277800,JPM
2023-08-10,145.79,147.58,145.35,146.57,5995100,JPM
2023-08-11,146.64,146.71,144.91,145.29,5180700,JPM
2023-08-14,146.94,147.08,145.19,145.84,5044300,JPM
2023-08-15,143.2,145.52,142.63,145.12,10300300,JPM
2023-08-16,142.59,143.33,142.11,142.98,6978200,JPM
2023-08-17,141.11,143.61,140.89,143.25,9953900,JPM
2023-08-18,141.44,141.94,139.98,140.18,8517500,JPM
2023-08-21,141.92,142.51,140.53,142.08,8327000,JPM
2023-08-22,138.98,142.07,138.47,141.71,9673300,JPM
2023-08-23,139.92,140.13,138.1,138.95,7858000,JPM
2023-08-24,139.78,141.85,139.56,140.04,6534000,JPM
2023-08-25,139.61,141.1,138.47,139.83,6695500,JPM
2023-08-28,140.1,141.09,139.69,140.11,5094100,JPM
2023-08-29,141.24,141.32,139.74,140.24,6337000,JPM
2023-08-30,140.67,141.61,139.75,141.1,6277300,JPM
2023-08-31,138.93,140.85,138.58,140.76,10933900,JPM
2023-09-01,139.39,140.59,138.33,138.7,7903500,JPM
2023-09-05,137.86,140.71,137.68,139.72,7854700,JPM
2023-09-06,137.63,138.18,136.82,137.38,8629200,JPM
2023-09-07,136.45,137.92,136.14,136.84,8373700,JPM
2023-09-08,136.56,136.83,135.44,136.12,7107900,JPM
2023-09-11,137.15,137.71,136.42,137.43,6854200,JPM
2023-09-12,138.94,139.87,136.76,137.19,8363200,JPM
2023-09-13,139.01,140.23,138.45,139.89,8325900,JPM
2023-09-14,141.7,142.32,140.06,140.36,10034900,JPM
2023-09-15,141.28,142.16,140.81,141.39,19863400,JPM
2023-09-18,141.58,141.6,140.28,140.67,6512400,JPM
2023-09-19,141.4,142.15,139.76,141.94,7943400,JPM
2023-09-20,140.8,142.65,140.65,142.08,7332000,JPM
2023-09-21,139.7,141.32,139.21,140.12,8052400,JPM
2023-09-22,138.36,140.05,137.85,139.84,7071700,JPM
2023-09-25,139.04,139.11,136.43,138.0,7044700,JPM
2023-09-26,137.6,138.46,136.94,137.29,7468400,JPM
2023-09-27,138.41,138.7,137.2,137.85,6717800,JPM
2023-09-28,140.13,141.34,138.63,138.88,8868100,JPM
2023-09-29,137.69,141.24,137.53,141.08,11917800,JPM
2023-10-02,136.5,138.26,135.42,137.51,9170600,JPM
2023-10-03,135.49,136.33,135.15,135.96,9431100,JPM
2023-10-04,136.1,136.21,134.75,135.95,8128700,JPM
2023-10-05,136.67,136.87,134.69,135.85,8576200,JPM
2023-10-06,138.78,139.52,135.95,136.68,10270600,JPM
2023-10-09,138.46,139.07,137.25,137.4,6964900,JPM
2023-10-10,139.3,140.38,138.95,139.08,11288800,JPM
2023-10-11,139.78,140.82,138.7,140.13,8698200,JPM
2023-10-12,139.46,140.56,138.81,139.93,10484400,JPM
2023-10-13,141.55,146.44,141.4,142.03,29427000,JPM
2023-10-16,141.41,143.01,140.33,142.94,12663500,JPM
2023-10-17,141.1,142.8,140.39,141.14,11482700,JPM
2023-10-18,139.55,141.05,139.04,140.2,9620300,JPM
2023-10-19,138.96,140.61,138.57,139.14,11143600,JPM
2023-10-20,136.72,138.82,135.93,138.27,13332900,JPM
2023-10-23,134.86,137.42,134.6,136.71,10133400,JPM
2023-10-24,135.02,135.55,134.24,135.04,8881400,JPM
2023-10-25,134.28,135.03,133.43,134.45,8242600,JPM
2023-10-26,134.63,135.5,133.36,133.67,9109400,JPM
2023-10-27,129.78,133.04,129.3,132.9,17434700,JPM
2023-10-30,131.43,132.03,130.11,130.5,9855500,JPM
2023-10-31,133.0,133.17,131.48,131.71,9672500,JPM
2023-11-01,132.89,134.41,132.44,133.18,9432000,JPM
2023-11-02,135.26,135.32,133.16,133.99,10186200,JPM
2023-11-03,136.77,137.51,135.67,135.99,9538700,JPM
2023-11-06,137.8,137.91,136.57,136.93,7625100,JPM
2023-11-07,137.74,137.97,136.6,137.26,6297900,JPM
2023-11-08,138.41,138.53,137.36,137.83,7618200,JPM
2023-11-09,138.0,139.3,137.44,139.1,7992500,JPM
2023-11-10,140.05,140.1,137.8,138.63,7983300,JPM
2023-11-13,139.43,139.88,138.84,139.35,6676300,JPM
2023-11-14,141.97,142.75,140.14,140.29,9927700,JPM
2023-11-15,143.22,143.62,141.99,141.99,8365300,JPM
2023-11-16,144.85,144.93,143.55,143.55,8126200,JPM
2023-11-17,146.16,146.2,144.94,145.57,7812400,JPM
2023-11-20,146.61,147.05,145.3,145.45,7019000,JPM
2023-11-21,146.31,146.94,145.92,146.53,7083500,JPM
2023-11-22,146.65,147.18,146.24,146.73,5174500,JPM
2023-11-24,146.85,147.71,146.6,146.9,3496900,JPM
2023-11-27,146.52,146.84,146.06,146.75,6259100,JPM
2023-11-28,146.85,147.17,146.07,146.54,6582700,JPM
2023-11-29,147.6,148.85,147.29,147.45,9126100,JPM
2023-11-30,149.28,149.33,147.65,148.16,9869800,JPM
2023-12-01,150.01,150.98,149.03,149.03,8916000,JPM
2023-12-04,151.11,151.16,149.09,149.22,9607500,JPM
2023-12-05,151.09,151.59,150.13,150.41,9135600,JPM
2023-12-06,149.5,152.28,149.2,151.92,9366000,JPM
2023-12-07,149.96,150.46,149.35,149.86,8130900,JPM
2023-12-08,151.61,151.86,150.14,150.41,7369400,JPM
2023-12-11,152.17,152.36,151.26,151.61,8093900,JPM
2023-12-12,153.53,153.65,151.96,152.29,10223000,JPM
2023-12-13,154.04,154.97,152.81,153.53,12379100,JPM
2023-12-14,156.85,157.66,154.66,154.78,13643000,JPM
2023-12-15,158.03,158.08,155.31,155.97,20309300,JPM
2023-12-18,158.99,159.85,158.41,158.69,8469600,JPM
2023-12-19,161.11,161.13,158.34,158.77,10345700,JPM
2023-12-20,159.29,162.03,159.2,160.67,10734700,JPM
2023-12-21,160.2,160.77,158.46,159.57,7601700,JPM
2023-12-22,160.11,160.9,159.94,160.2,6576300,JPM
2023-12-26,161.05,161.42,159.9,160.16,4683600,JPM
2023-12-27,162.02,162.09,160.28,160.53,6428600,JPM
2023-12-28,162.88,163.22,161.64,161.97,6320100,JPM
2023-12-29,162.69,163.25,162.24,162.59,6435100,JPM
2024-01-02,164.58,164.67,161.55,161.72,9977400,JPM
2024-01-03,163.87,164.54,162.95,164.37,9852300,JPM
2024-01-04,164.95,166.82,164.12,164.21,11972500,JPM
2024-01-05,165.78,166.85,165.01,165.01,10066000,JPM
2024-01-08,165.54,165.87,163.11,165.54,11229900,JPM
2024-01-09,164.23,165.32,163.69,165.15,9923600,JPM
2024-01-10,164.58,164.64,162.59,163.6,9670200,JPM
2024-01-11,163.88,163.94,162.29,163.91,11919500,JPM
2024-01-12,162.68,169.67,162.54,167.25,19436500,JPM
2024-01-16,161.66,161.76,158.11,158.66,17206400,JPM
2024-01-17,160.8,162.7,160.22,161.04,11107500,JPM
2024-01-18,161.11,161.22,159.02,160.82,9382300,JPM
2024-01-19,163.89,164.14,160.79,161.24,13115700,JPM
2024-01-22,163.7,165.5,163.32,164.04,12837500,JPM
2024-01-23,162.62,163.36,162.09,163.28,8360800,JPM
2024-01-24,164.08,164.57,162.5,162.98,9967100,JPM
2024-01-25,166.43,166.47,164.47,165.82,8873500,JPM
2024-01-26,165.79,166.54,165.31,166.11,7443000,JPM
2024-01-29,166.22,166.33,164.85,165.75,6971200,JPM
2024-01-30,169.63,170.1,166.32,166.32,10822100,JPM
2024-01-31,167.79,171.58,167.77,169.56,11521800,JPM
2024-02-01,167.19,168.25,164.97,167.1,9354800,JPM
2024-02-02,168.15,169.2,166.73,166.77,8607600,JPM
2024-02-05,167.93,168.49,166.41,167.31,7820200,JPM
2024-02-06,168.5,169.24,167.21,168.03,6764800,JPM
2024-02-07,168.82,169.24,167.41,169.07,7225500,JPM
2024-02-08,168.22,168.71,167.03,168.41,6060300,JPM
2024-02-09,168.42,168.5,167.13,168.41,6296700,JPM
2024-02-12,169.17,170.15,167.16,168.2,8539300,JPM
2024-02-13,167.7,169.59,166.12,168.72,8397600,JPM
2024-02-14,169.4,169.47,167.85,168.47,7056700,JPM
2024-02-15,173.09,173.42,169.51,169.51,8723400,JPM
2024-02-16,172.29,173.2,171.45,172.84,8152600,JPM
2024-02-20,172.96,173.66,171.69,172.44,9668000,JPM
2024-02-21,174.09,174.17,171.79,173.17,7024000,JPM
2024-02-22,176.17,176.51,174.41,174.97,9296500,JPM
2024-02-23,177.06,178.22,176.29,176.89,7105800,JPM
2024-02-26,176.45,177.51,175.61,176.83,7145400,JPM
2024-02-27,176.54,176.63,175.37,176.4,5717100,JPM
2024-02-28,177.43,178.22,176.07,176.52,6131600,JPM
2024-02-29,179.05,179.41,176.92,178.67,9643000,JPM
2024-03-01,178.31,179.42,178.13,178.7,6311800,JPM
2024-03-04,179.65,180.52,177.33,177.75,7063600,JPM
2024-03-05,181.45,182.17,179.34,179.34,6617800,JPM
2024-03-06,182.39,182.91,180.56,182.12,7572900,JPM
2024-03-07,180.79,183.32,179.6,182.76,7618300,JPM
2024-03-08,181.13,183.29,180.84,181.34,6172200,JPM
2024-03-11,181.2,181.34,179.2,180.22,5762600,JPM
2024-03-12,182.69,183.0,180.83,181.83,5708400,JPM
2024-03-13,184.17,184.51,182.69,183.19,7795500,JPM
2024-03-14,180.89,184.41,180.05,183.83,10310900,JPM
2024-03-15,183.13,183.75,179.46,179.46,17214200,JPM
2024-03-18,185.4,185.44,182.74,183.45,9013800,JPM
2024-03-19,186.49,186.62,185.13,185.45,8478700,JPM
2024-03-20,188.93,189.16,186.32,186.87,9367000,JPM
2024-03-21,191.56,191.92,188.93,189.12,11203800,JPM
2024-03-22,189.21,192.93,189.14,191.51,8108800,JPM
2024-03-25,187.48,189.52,187.04,189.19,8620000,JPM
2024-03-26,188.36,189.25,186.75,187.26,5961500,JPM
2024-03-27,192.0,192.08,188.98,189.1,8725800,JPM
2024-03-28,192.75,193.16,191.06,191.97,8628300,JPM
2024-04-01,191.45,193.37,191.09,192.46,7309000,JPM
2024-04-02,191.37,192.25,190.62,190.92,7014700,JPM
2024-04-03,190.83,192.04,190.25,191.54,9353400,JPM
2024-04-04,189.38,193.28,189.28,192.77,9243800,JPM
2024-04-05,191.12,191.77,188.86,189.87,6532300,JPM
2024-04-08,192.12,192.6,191.28,191.28,8001000,JPM
2024-04-09,190.83,192.5,188.66,191.72,7351500,JPM
2024-04-10,189.2,190.75,187.95,189.28,7681400,JPM
2024-04-11,189.16,190.27,187.05,189.72,10137700,JPM
2024-04-12,176.93,182.87,176.69,182.28,31532300,JPM
2024-04-15,177.03,181.45,176.36,178.59,14766600,JPM
2024-04-16,175.0,177.29,173.89,177.04,16451800,JPM
2024-04-17,174.31,176.57,173.46,175.56,9017100,JPM
2024-04-18,175.44,177.48,174.2,175.29,9557700,JPM
2024-04-19,179.84,179.92,175.59,176.55,13402300,JPM
2024-04-22,183.34,184.03,180.02,180.03,11529700,JPM
2024-04-23,185.98,186.07,184.41,185.0,9144400,JPM
2024-04-24,186.89,187.04,184.07,184.42,6964900,JPM
2024-04-25,187.17,187.72,185.05,186.09,9802300,JPM
2024-04-26,187.29,188.62,186.87,187.36,6413700,JPM
2024-04-29,187.08,188.03,186.26,187.28,5387800,JPM
2024-04-30,185.59,188.74,185.5,186.63,8153700,JPM
2024-05-01,185.71,188.23,184.67,186.11,7445300,JPM
2024-05-02,185.52,187.3,183.44,186.88,6501700,JPM
2024-05-03,184.4,186.36,182.42,185.84,8922800,JPM
2024-05-06,185.84,186.04,183.73,185.58,7911100,JPM
2024-05-07,185.6,186.75,185.51,185.55,7688800,JPM
2024-05-08,189.38,190.35,184.88,184.88,9227600,JPM
2024-05-09,191.17,191.26,188.85,188.91,7977300,JPM
2024-05-10,192.4,192.95,191.91,192.18,7529800,JPM
2024-05-13,192.36,193.44,191.69,192.43,7049200,JPM
2024-05-14,195.05,195.12,191.81,192.62,8596200,JPM
2024-05-15,195.63,196.19,193.37,195.53,8370000,JPM
2024-05-16,195.98,197.92,195.51,195.74,8497900,JPM
2024-05-17,198.22,198.48,196.31,197.28,9260500,JPM
2024-05-20,189.31,199.28,189.14,197.84,17373300,JPM
2024-05-21,193.12,193.49,190.3,190.68,14420800,JPM
2024-05-22,191.95,194.5,191.35,192.62,9425300,JPM
2024-05-23,190.61,191.94,189.78,191.47,8069400,JPM
2024-05-24,194.28,194.32,191.23,191.41,7356200,JPM
2024-05-28,193.1,193.99,192.29,193.45,6910200,JPM
2024-05-29,191.76,192.61,190.58,191.65,6120000,JPM
2024-05-30,192.94,193.44,192.04,192.19,6829100,JPM
2024-05-31,196.13,196.78,191.99,192.91,14417900,JPM
2024-06-03,195.35,195.93,192.8,195.82,6444300,JPM
2024-06-04,192.78,195.5,191.92,193.74,6848300,JPM
2024-06-05,190.94,193.41,190.61,193.36,8351600,JPM
2024-06-06,190.6,191.67,189.07,190.94,7640300,JPM
2024-06-07,193.54,194.48,190.69,191.1,6964500,JPM
2024-06-10,193.21,194.4,192.08,192.85,6070800,JPM
2024-06-11,188.13,191.59,187.39,191.57,9235300,JPM
2024-06-12,185.39,190.41,185.18,189.72,12751300,JPM
2024-06-13,187.45,188.34,184.76,186.15,8587800,JPM
2024-06-14,187.57,188.61,185.28,185.31,6874000,JPM
2024-06-17,188.73,189.31,186.46,187.28,8725400,JPM
2024-06-18,190.68,191.61,187.91,188.36,9023000,JPM
2024-06-20,192.3,193.06,189.82,190.09,8731100,JPM
2024-06-21,190.01,190.85,187.99,190.4,20972100,JPM
2024-06-24,192.5,192.84,190.78,191.47,9785900,JPM
2024-06-25,191.72,193.66,191.4,191.74,6862500,JPM
2024-06-26,191.1,191.59,189.99,191.12,7758600,JPM
2024-06-27,192.78,193.45,190.59,191.11,7913500,JPM
2024-06-28,195.78,196.11,192.91,193.6,15307600,JPM
2024-07-01,198.86,200.45,196.16,196.34,10205800,JPM
2024-07-02,202.14,202.16,198.21,198.71,7802900,JPM
2024-07-03,202.0,203.64,200.99,202.83,5560900,JPM
2024-07-05,199.32,201.83,199.06,201.46,8093100,JPM
2024-07-08,199.69,201.38,198.53,199.57,8707000,JPM
2024-07-09,202.09,204.16,199.97,200.14,9058900,JPM
2024-07-10,202.25,202.42,200.09,200.64,8328500,JPM
2024-07-11,201.91,202.54,199.9,200.71,10658100,JPM
2024-07-12,199.47,201.91,196.71,198.55,15443400,JPM
2024-07-15,204.44,205.96,201.2,201.66,10719700,JPM
2024-07-16,207.92,208.03,202.53,204.39,11557000,JPM
2024-07-17,211.08,211.75,207.58,208.09,11572500,JPM
2024-07-18,204.37,210.86,203.65,209.87,12415100,JPM
2024-07-19,204.18,206.68,203.34,205.56,8095900,JPM
2024-07-22,204.67,206.51,204.11,204.84,7663200,JPM
2024-07-23,204.72,205.83,203.76,205.39,5557300,JPM
2024-07-24,203.02,206.37,202.52,203.96,7119000,JPM
2024-07-25,203.1,204.58,202.5,203.08,6403800,JPM
2024-07-26,206.57,207.47,203.05,203.65,8027800,JPM
2024-07-29,205.22,207.91,204.93,206.97,6533600,JPM
2024-07-30,209.45,210.03,207.28,207.54,8850700,JPM
2024-07-31,207.12,210.61,206.99,209.05,9071600,JPM
2024-08-01,202.41,208.12,200.87,207.51,10918600,JPM
2024-08-02,193.82,199.21,191.63,198.44,18041700,JPM
2024-08-05,189.7,190.93,185.8,188.87,13927000,JPM
2024-08-06,194.99,197.19,188.82,190.18,10605800,JPM
2024-08-07,195.05,200.26,194.86,198.08,9204400,JPM
2024-08-08,198.61,199.44,196.4,197.07,7761200,JPM
2024-08-09,200.31,200.96,197.48,198.04,5540200,JPM
2024-08-12,200.69,201.61,198.22,200.9,6936000,JPM
2024-08-13,202.39,202.54,199.92,202.18,6387800,JPM
2024-08-14,204.63,205.13,201.59,202.19,6999800,JPM
2024-08-15,205.9,208.18,205.46,207.31,7001000,JPM
2024-08-16,208.26,208.37,205.94,206.04,7931200,JPM
2024-08-19,209.7,209.78,208.11,208.29,6090800,JPM
2024-08-20,208.79,210.23,207.98,209.26,5640000,JPM
2024-08-21,208.87,209.26,207.16,208.71,5202300,JPM
2024-08-22,210.85,211.01,208.62,208.85,5247100,JPM
2024-08-23,212.48,213.34,210.72,211.79,7214000,JPM
2024-08-26,213.32,213.82,212.23,213.16,5105200,JPM
2024-08-27,214.3,214.54,213.34,213.65,5185200,JPM
2024-08-28,215.38,216.28,213.34,213.4,6506400,JPM
2024-08-29,216.28,217.03,213.1,216.22,6416100,JPM
2024-08-30,218.8,219.46,216.01,216.56,8574100,JPM
2024-09-03,214.42,218.12,213.39,216.37,8956100,JPM
2024-09-04,213.48,216.14,211.41,215.14,7389500,JPM
2024-09-05,211.82,214.91,210.26,214.27,8067900,JPM
2024-09-06,206.79,212.9,205.46,211.79,7777000,JPM
2024-09-09,211.02,212.33,208.46,209.45,8935100,JPM
2024-09-10,200.07,212.8,195.25,212.76,28406900,JPM
2024-09-11,201.7,202.16,196.44,199.77,13658700,JPM
2024-09-12,201.08,203.21,199.42,202.11,9054400,JPM
2024-09-13,198.87,202.3,197.6,201.34,10226700,JPM
2024-09-16,202.31,202.65,200.1,200.34,8634900,JPM
2024-09-17,203.66,204.33,202.12,202.18,7573300,JPM
2024-09-18,201.99,205.7,201.18,203.43,8259900,JPM
2024-09-19,204.86,206.25,201.81,204.18,11635200,JPM
2024-09-20,205.46,205.78,203.91,204.33,20885000,JPM
2024-09-23,205.8,206.15,204.38,205.37,7223500,JPM
2024-09-24,205.94,207.27,204.75,205.51,7323200,JPM
2024-09-25,204.58,206.57,203.04,206.03,8976500,JPM
2024-09-26,204.18,206.05,203.43,205.49,7807500,JPM
2024-09-27,204.88,206.77,203.74,205.03,7032500,JPM
2024-09-30,205.23,205.33,199.78,200.8,8663800,JPM
2024-10-01,201.51,203.51,200.69,203.32,8540100,JPM
2024-10-02,201.76,203.37,200.2,201.55,5810900,JPM
2024-10-03,199.75,200.98,198.89,200.67,7251300,JPM
2024-10-04,206.84,207.28,202.62,204.96,10211700,JPM
2024-10-07,206.56,208.91,205.34,206.66,6718900,JPM
2024-10-08,206.38,206.95,204.06,206.21,6021800,JPM
2024-10-09,209.0,209.8,205.04,205.35,7024000,JPM
2024-10-10,208.43,210.36,207.09,210.36,7927100,JPM
2024-10-11,217.68,219.97,210.7,211.2,18320700,JPM
2024-10-14,216.89,219.06,214.34,218.57,9048900,JPM
2024-10-15,217.78,220.78,217.22,219.02,9235800,JPM
2024-10-16,219.0,219.04,216.46,217.72,6382500,JPM
2024-10-17,219.77,221.17,218.68,219.62,6470200,JPM
2024-10-18,220.7,221.24,218.48,220.34,7000500,JPM
2024-10-21,218.38,221.02,218.28,220.55,5870000,JPM
2024-10-22,219.47,220.61,216.52,218.4,9586800,JPM
2024-10-23,218.78,220.14,217.92,219.02,6180500,JPM
2024-10-24,220.32,220.39,217.06,217.23,6002200,JPM
2024-10-25,217.7,220.94,216.3,220.34,6369700,JPM
2024-10-28,220.83,220.96,218.33,218.72,6843000,JPM
2024-10-29,218.28,222.05,218.19,220.54,6580000,JPM
2024-10-30,219.76,221.62,216.99,217.93,7110900,JPM
2024-10-31,217.32,221.01,217.22,220.04,7829900,JPM
2024-11-01,218.32,221.46,218.08,218.93,6923500,JPM
2024-11-04,215.22,219.12,214.63,218.03,8229600,JPM
2024-11-05,216.9,217.36,215.44,215.47,5600700,JPM
2024-11-06,241.94,242.86,229.9,230.13,23987800,JPM
2024-11-07,231.48,239.5,230.34,239.43,16451100,JPM
2024-11-08,232.07,234.38,230.89,234.38,9502100,JPM
2024-11-11,234.33,237.08,234.05,235.02,9017100,JPM
2024-11-12,234.59,236.45,233.81,235.56,6861000,JPM
2024-11-13,236.16,239.03,235.33,235.59,11472600,JPM
2024-11-14,236.86,239.23,236.05,237.39,10172200,JPM
2024-11-15,240.22,241.31,236.45,236.45,11518800,JPM
2024-11-18,239.95,242.79,237.65,242.62,9051400,JPM
2024-11-19,238.05,240.07,236.54,237.23,6792700,JPM
2024-11-20,235.79,239.54,233.69,239.33,9015300,JPM
2024-11-21,239.69,240.4,237.09,238.19,8783500,JPM
2024-11-22,243.4,243.99,237.99,238.56,7997300,JPM
2024-11-25,245.1,249.04,243.9,244.42,10295400,JPM
2024-11-26,244.79,245.8,243.19,245.3,6212100,JPM
2024-11-27,244.61,245.98,243.61,244.18,5472300,JPM
2024-11-29,244.54,246.55,244.28,244.68,5494800,JPM
2024-12-02,241.15,245.06,239.95,244.38,8899700,JPM
2024-12-03,239.74,243.88,239.56,243.08,6657700,JPM
2024-12-04,238.35,240.26,237.21,239.63,7346300,JPM
2024-12-05,240.39,242.06,239.55,240.3,6572500,JPM
2024-12-06,242.23,242.6,239.76,240.61,5519700,JPM
2024-12-09,238.76,242.73,238.71,242.01,7076500,JPM
2024-12-10,237.83,242.82,237.2,238.83,9108300,JPM
2024-12-11,238.48,239.21,237.16,238.94,7884400,JPM
2024-12-12,236.52,239.04,236.04,237.96,6113800,JPM
2024-12-13,234.97,237.69,234.18,237.05,10392700,JPM
2024-12-16,234.61,235.68,232.6,235.62,9032000,JPM
2024-12-17,233.42,234.07,231.72,233.7,8083600,JPM
2024-12-18,225.59,234.11,224.77,234.05,11322400,JPM
2024-12-19,228.13,231.46,227.46,227.46,11790800,JPM
2024-12-20,232.67,234.25,226.79,227.11,32348400,JPM
2024-12-23,233.45,233.67,230.01,231.18,8611500,JPM
2024-12-24,237.29,237.46,234.11,234.47,3729100,JPM
2024-12-26,238.1,238.22,235.8,236.43,4451800,JPM
2024-12-27,236.17,238.34,235.06,237.69,5730200,JPM
2024-12-30,234.36,235.85,232.19,233.82,5723800,JPM
2024-12-31,234.74,236.43,234.07,235.07,4871000,JPM
2025-01-02,235.02,238.24,234.49,235.93,9220900,JPM
2025-01-03,238.24,239.8,235.28,238.83,9491100,JPM
2025-01-06,237.08,241.84,236.81,239.88,9917800,JPM
2025-01-07,239.36,241.42,237.12,238.35,8753400,JPM
2025-01-08,239.32,240.42,236.73,238.95,8675300,JPM
2025-01-10,236.11,239.99,235.0,239.28,10256800,JPM
2025-01-13,240.38,240.71,235.25,235.91,10005300,JPM
2025-01-14,243.59,243.84,238.39,238.86,12407400,JPM
2025-01-15,248.4,249.69,239.86,246.48,18448500,JPM
2025-01-16,250.28,253.01,248.38,250.02,15292300,JPM
2025-01-17,255.1,256.54,248.19,250.16,17678100,JPM
2025-01-21,258.91,260.11,255.43,255.99,13712100,JPM
2025-01-22,258.72,259.25,256.17,258.78,9021900,JPM
2025-01-23,261.78,262.68,259.68,260.54,10749700,JPM
2025-01-24,260.69,262.91,258.89,259.56,7666300,JPM
2025-01-27,261.68,261.8,258.15,260.03,7522300,JPM
2025-01-28,262.95,263.14,260.68,261.68,7375400,JPM
2025-01-29,262.4,266.44,261.45,263.02,7684900,JPM
2025-01-30,264.03,265.47,262.44,264.42,8753500,JPM
2025-01-31,263.11,266.58,262.78,265.01,7193800,JPM
2025-02-03,262.63,263.97,257.6,257.73,8381400,JPM
2025-02-04,263.74,265.61,262.65,265.61,5626000,JPM
2025-02-05,266.19,266.4,264.12,264.7,5704400,JPM
2025-02-06,272.56,272.64,266.94,268.18,7264400,JPM
2025-02-07,271.48,274.18,270.4,272.92,6857900,JPM
2025-02-10,266.79,271.85,265.36,271.82,8627400,JPM
2025-02-11,270.68,271.89,265.43,266.02,7196400,JPM
2025-02-12,271.13,272.12,268.97,269.78,6683900,JPM
2025-02-13,271.99,272.63,269.52,271.18,8398700,JPM
2025-02-14,272.26,274.85,272.12,273.02,5688600,JPM
2025-02-18,275.56,275.58,271.69,272.42,7919800,JPM
2025-02-19,274.87,275.86,272.88,274.02,7007200,JPM
2025-02-20,262.62,274.37,261.58,274.31,13846700,JPM
2025-02-21,260.1,264.98,258.72,264.11,12835600,JPM
2025-02-24,257.24,262.82,254.56,261.33,10372800,JPM
2025-02-25,253.37,258.88,249.38,258.12,9608400,JPM
2025-02-26,254.73,256.82,252.9,253.13,5943600,JPM
2025-02-27,254.99,259.51,253.82,256.1,8204400,JPM
2025-02-28,260.5,260.66,253.85,256.64,10467100,JPM
2025-03-03,256.54,262.15,253.78,259.86,9058300,JPM
2025-03-04,246.33,253.2,242.1,251.28,13465600,JPM
2025-03-05,247.59,249.08,243.95,247.31,7861400,JPM
2025-03-06,242.68,245.45,240.03,244.22,9983200,JPM
2025-03-07,238.48,242.85,235.67,241.39,20498700,JPM
2025-03-10,228.58,233.79,225.12,232.51,18887200,JPM
2025-03-11,225.55,229.66,223.14,228.12,18143000,JPM
2025-03-12,224.33,230.65,223.7,230.33,16054000,JPM
2025-03-13,221.66,225.9,220.72,225.71,16467900,JPM
2025-03-14,228.8,229.49,224.01,224.54,11962100,JPM
2025-03-17,230.26,231.98,226.85,227.56,9586000,JPM
2025-03-18,231.29,232.47,229.86,230.65,10344900,JPM
2025-03-19,235.36,238.53,231.21,232.05,10120600,JPM
2025-03-20,235.26,237.97,232.5,232.85,8328500,JPM
2025-03-21,237.84,238.5,232.79,234.08,19326900,JPM
2025-03-24,244.17,244.79,240.58,241.63,9422700,JPM
2025-03-25,247.19,247.87,243.74,245.4,9287700,JPM
2025-03-26,247.1,250.68,245.87,248.64,12779300,JPM
2025-03-27,244.23,246.71,243.31,245.62,8022500,JPM
2025-03-28,239.04,245.6,237.33,243.07,11978400,JPM
2025-03-31,241.46,242.01,233.64,235.66,13603000,JPM
2025-04-01,239.84,241.84,237.1,238.82,8054700,JPM
2025-04-02,241.97,243.37,237.68,237.81,7758800,JPM
2025-04-03,225.11,231.45,223.74,230.6,17188500,JPM
2025-04-04,208.26,215.61,206.92,213.24,27170700,JPM
2025-04-07,212.38,219.92,200.22,203.79,22914400,JPM
2025-04-08,214.79,225.65,211.2,221.37,19485700,JPM
2025-04-09,232.09,235.2,208.97,210.46,24022400,JPM
2025-04-10,224.93,228.14,217.98,227.79,18896400,JPM
2025-04-11,233.93,236.29,222.84,224.14,20284500,JPM
2025-04-14,232.46,237.48,231.38,234.82,13017800,JPM
2025-04-15,230.89,236.36,230.58,233.83,10912900,JPM
2025-04-16,227.4,231.34,225.74,229.77,9322300,JPM
2025-04-17,229.73,232.09,228.33,228.58,9557900,JPM
2025-04-21,226.79,229.58,224.16,228.41,8716200,JPM
2025-04-22,233.33,233.72,229.15,229.75,10701400,JPM
2025-04-23,238.57,244.42,237.69,237.91,14126800,JPM
2025-04-24,242.29,243.11,235.3,237.44,9055200,JPM
2025-04-25,241.21,243.26,239.43,242.3,8588600,JPM
2025-04-28,240.88,244.47,238.53,242.21,7394300,JPM
2025-04-29,242.27,242.89,239.37,239.86,7216800,JPM
2025-04-30,242.27,242.86,236.14,238.89,12991700,JPM
2025-05-01,244.52,246.06,239.84,240.51,8689600,JPM
2025-05-02,250.08,251.18,247.06,248.85,7165000,JPM
2025-05-05,250.13,252.71,248.18,248.77,5450700,JPM
2025-05-06,246.85,250.22,246.61,247.6,6369900,JPM
2025-05-07,246.99,250.02,246.44,247.45,8724100,JPM
2025-05-08,251.03,253.42,249.13,249.15,8320100,JPM
2025-05-09,250.65,253.05,249.92,252.05,5087600,JPM
2025-05-12,257.55,261.07,256.21,260.37,9603900,JPM
2025-05-13,260.48,261.14,257.89,258.52,8589000,JPM
2025-05-14,263.09,264.08,259.77,260.47,8643100,JPM
2025-05-15,264.92,266.93,262.22,264.4,9214600,JPM
2025-05-16,264.99,265.88,262.17,264.93,8932900,JPM
2025-05-19,262.33,265.74,259.41,263.0,12145000,JPM
2025-05-20,263.13,264.1,259.78,260.0,8436300,JPM
2025-05-21,258.53,263.1,258.22,261.81,7464000,JPM
2025-05-22,258.17,259.78,256.38,256.95,6514100,JPM
2025-05-23,258.2,259.47,253.54,254.34,6671800,JPM
2025-05-27,262.74,262.75,259.47,259.52,7506600,JPM
2025-05-28,260.96,264.16,260.37,263.68,5535400,JPM
2025-05-29,261.83,262.86,260.01,262.26,5081200,JPM
2025-05-30,261.46,262.78,260.21,260.92,10977700,JPM
2025-06-02,262.12,262.48,259.38,260.49,6011200,JPM
2025-06-03,263.71,264.02,260.35,261.2,6998400,JPM
2025-06-04,261.68,264.55,261.64,263.36,5915700,JPM
2025-06-05,259.43,262.2,257.81,262.2,8173800,JPM
2025-06-06,263.18,264.09,261.72,261.79,7738100,JPM
2025-06-09,264.18,265.33,260.82,263.44,8285000,JPM
2025-06-10,266.02,266.32,263.3,263.32,7538100,JPM
2025-06-11,265.57,267.03,263.24,266.1,7434100,JPM
2025-06-12,265.66,265.71,262.59,264.3,6618000,JPM
2025-06-13,262.4,264.45,260.19,262.53,7098300,JPM
2025-06-16,267.76,269.12,264.29,264.43,8566000,JPM
2025-06-17,266.93,267.99,265.23,265.59,6739300,JPM
2025-06-18,271.33,275.05,267.13,267.41,9586400,JPM
2025-06-20,272.36,274.64,271.18,272.92,13969700,JPM
2025-06-23,275.6,275.87,269.5,272.42,8094600,JPM
2025-06-24,278.56,279.99,276.82,277.52,9267900,JPM
2025-06-25,281.33,281.55,278.21,278.79,6826900,JPM
2025-06-26,285.98,286.63,281.74,281.96,8942100,JPM
2025-06-27,284.35,285.93,282.3,283.06,17868600,JPM
2025-06-30,287.12,289.84,286.14,287.61,12689200,JPM
2025-07-01,287.62,288.33,283.84,288.09,9338300,JPM
2025-07-02,289.19,290.01,286.92,289.23,8158700,JPM
2025-07-03,294.57,294.97,289.8,290.74,6541600,JPM
2025-07-07,290.56,294.61,288.68,293.82,8825700,JPM
2025-07-08,281.41,288.3,278.95,287.87,15440900,JPM
2025-07-09,281.79,285.81,281.11,285.79,11273800,JPM
2025-07-10,286.8,286.92,281.63,281.63,8410900,JPM
2025-07-11,285.47,285.99,282.28,284.14,7384700,JPM
2025-07-14,287.3,287.9,283.88,285.68,9079900,JPM
2025-07-15,285.16,290.54,284.1,286.61,12526100,JPM
2025-07-16,284.44,289.32,281.64,287.0,9979800,JPM
2025-07-17,288.5,288.9,282.07,282.07,8509500,JPM
2025-07-18,289.86,291.08,286.84,288.12,12217000,JPM
2025-07-21,289.56,292.76,289.17,289.59,7898100,JPM
2025-07-22,290.02,292.21,287.78,290.09,6717500,JPM
2025-07-23,295.32,295.55,291.13,291.42,7083500,JPM
2025-07-24,295.12,298.14,294.77,295.98,7001200,JPM
2025-07-25,297.18,297.45,294.53,295.26,5918500,JPM
2025-07-28,296.84,297.98,295.38,296.22,5840400,JPM
2025-07-29,295.6,299.83,294.77,298.55,7635700,JPM
2025-07-30,298.18,299.16,295.94,295.98,8061700,JPM
2025-07-31,294.81,299.52,294.07,297.69,14749700,JPM
2025-08-01,287.97,290.39,282.86,288.99,12007100,JPM
2025-08-04,292.84,292.9,288.86,288.86,6649500,JPM
2025-08-05,289.96,294.36,285.85,293.26,7182300,JPM
2025-08-06,289.94,291.87,288.76,290.89,6330200,JPM
2025-08-07,285.55,292.04,285.02,291.52,8057100,JPM
2025-08-08,287.36,289.82,283.33,287.58,6634100,JPM
2025-08-11,288.16,289.91,287.38,288.0,5510100,JPM
2025-08-12,291.43,293.32,288.94,290.09,8570900,JPM
2025-08-13,289.12,293.12,285.77,292.53,8420400,JPM
2025-08-14,292.74,292.78,288.24,289.17,6322400,JPM
2025-08-15,289.08,294.07,288.42,293.41,7340500,JPM
2025-08-18,290.12,290.49,287.01,288.6,5386900,JPM
2025-08-19,289.25,291.06,288.13,289.42,6031500,JPM
2025-08-20,290.83,291.91,285.88,289.4,7374200,JPM
2025-08-21,290.06,291.35,288.07,290.53,6624000,JPM
2025-08-22,294.81,295.72,288.73,291.78,8552800,JPM
2025-08-25,293.47,295.91,292.72,294.81,5856300,JPM
2025-08-26,297.13,297.29,292.08,292.74,6714700,JPM
2025-08-27,297.83,299.61,295.6,295.81,6056500,JPM
2025-08-28,299.61,299.78,297.25,298.57,6410500,JPM
2025-08-29,299.96,301.48,298.28,300.58,6796400,JPM
2025-09-02,298.25,299.01,293.08,298.81,7221900,JPM
2025-09-03,298.06,299.12,294.95,299.12,6316900,JPM
2025-09-04,302.35,302.96,296.84,298.55,6605800,JPM
2025-09-05,292.96,303.67,292.89,302.18,9837700,JPM
2025-09-08,291.49,295.03,290.03,293.46,8188500,JPM
2025-09-09,296.41,297.55,290.9,291.18,7848200,JPM
2025-09-10,299.09,300.08,293.97,295.26,7787300,JPM
2025-09-11,304.08,304.25,299.33,299.78,7942500,JPM
2025-09-12,305.43,306.06,302.23,303.52,6846700,JPM
2025-09-15,307.41,308.45,305.68,305.68,7122000,JPM
2025-09-16,307.69,309.4,305.64,308.5,10525600,JPM
2025-09-17,310.24,311.4,307.28,308.89,8657800,JPM
2025-09-18,311.71,311.92,308.11,310.28,8050700,JPM
2025-09-19,313.26,314.27,307.62,312.08,23568600,JPM
2025-09-22,310.93,312.18,308.06,308.3,7520200,JPM
2025-09-23,311.23,314.78,309.08,310.31,8584400,JPM
2025-09-24,311.9,315.05,310.16,312.53,7310500,JPM
2025-09-25,311.93,314.12,310.29,312.6,7083200,JPM
2025-09-26,314.53,316.27,312.18,313.38,7258100,JPM
2025-09-29,314.16,316.47,312.14,315.53,6462400,JPM
2025-09-30,313.9,315.87,308.61,314.72,11823300,JPM
2025-10-01,309.21,313.07,305.92,312.45,9235200,JPM
2025-10-02,306.06,309.06,304.66,308.5,7600000,JPM
2025-10-03,308.53,310.15,306.72,307.02,6029900,JPM
2025-10-06,309.18,311.75,305.13,310.18,7214500,JPM
2025-10-07,307.69,310.01,304.7,309.35,8454200,JPM
2025-10-08,304.03,308.78,303.55,308.21,6489900,JPM
2025-10-09,305.53,308.04,303.39,305.05,7060300,JPM
2025-10-10,300.89,310.47,300.81,305.66,8597400,JPM
2025-10-13,307.97,309.46,305.45,305.6,10788700,JPM
2025-10-14,302.08,307.0,294.21,305.84,16178800,JPM
2025-10-15,305.69,312.12,305.44,306.39,11354800,JPM
2025-10-16,298.54,308.68,297.07,305.35,10549400,JPM
2025-10-17,297.56,299.55,294.2,299.16,10153500,JPM
2025-10-20,302.36,303.69,298.16,298.5,6894900,JPM
2025-10-21,297.09,304.05,297.0,301.66,7372700,JPM
2025-10-22,294.11,298.06,290.54,297.77,8054100,JPM
2025-10-23,294.54,296.37,292.51,294.38,5438800,JPM
2025-10-24,300.44,302.6,295.45,296.08,7228300,JPM
2025-10-27,304.15,304.53,301.01,302.16,5642200,JPM
2025-10-28,305.36,307.97,303.16,304.86,6336000,JPM
2025-10-29,305.51,308.25,303.01,303.51,7520300,JPM
2025-10-30,309.44,312.61,305.1,305.79,7514600,JPM
2025-10-31,311.12,312.87,307.25,308.54,7721300,JPM
2025-11-03,309.35,312.32,306.21,311.0,7770000,JPM
2025-11-04,309.25,312.22,305.1,306.71,7085200,JPM
2025-11-05,311.68,313.1,305.63,309.61,6865200,JPM
2025-11-06,313.42,314.84,310.26,310.99,7206100,JPM
2025-11-07,314.21,314.43,307.64,311.89,7302300,JPM
2025-11-10,316.89,319.56,314.21,315.0,5794100,JPM
2025-11-11,315.62,319.05,315.28,317.5,5030200,JPM
2025-11-12,320.41,322.25,316.21,316.26,10578300,JPM
2025-11-13,309.48,320.63,309.1,319.23,8973300,JPM
2025-11-14,303.61,307.64,301.23,307.51,10327000,JPM
2025-11-17,300.37,305.59,297.67,304.0,8344000,JPM
2025-11-18,299.41,302.95,297.02,299.5,8077300,JPM
2025-11-19,303.27,304.45,299.27,299.74,5546600,JPM
2025-11-20,298.38,309.92,298.16,306.34,7501600,JPM
2025-11-21,298.02,301.68,292.81,301.29,11766800,JPM
2025-11-24,298.0,299.82,294.51,298.24,10940200,JPM
2025-11-25,303.0,304.5,295.56,300.05,8877200,JPM
2025-11-26,307.64,308.53,303.2,305.0,7910900,JPM
2025-11-28,313.08,313.72,308.24,309.1,4322400,JPM
2025-12-01,308.92,314.04,308.54,312.95,7727300,JPM
2025-12-02,307.88,310.48,307.09,308.74,7249000,JPM
2025-12-03,312.13,312.36,306.8,307.2,8535300,JPM
2025-12-04,316.1,318.49,313.0,313.26,9627800,JPM
2025-12-05,315.04,318.48,314.68,315.64,6518900,JPM
2025-12-08,315.21,316.47,313.35,315.06,7417200,JPM
2025-12-09,300.51,318.8,300.02,314.95,18049200,JPM
2025-12-10,310.11,311.19,298.46,300.5,18874100,JPM
2025-12-11,317.38,318.0,309.24,309.24,9721900,JPM
2025-12-12,318.52,320.27,316.6,319.68,8982900,JPM
2025-12-15,320.02,322.88,318.39,319.59,10864100,JPM
2025-12-16,315.55,319.52,314.4,319.09,8330800,JPM
