Date,INR_amount,USD_rate
2019-12-31,71.382,1
2020-01-02,71.389,1
2020-01-03,71.777,1
2020-01-06,71.931,1
2020-01-07,71.84,1
2020-01-08,71.713,1
2020-01-09,71.253,1
2020-01-10,70.951,1
2020-01-13,70.845,1
2020-01-14,70.83,1
2020-01-15,70.797,1
2020-01-16,70.929,1
2020-01-17,71.081,1
2020-01-20,71.073,1
2020-01-21,71.196,1
2020-01-22,71.127,1
2020-01-23,71.315,1
2020-01-24,71.291,1
2020-01-27,71.421,1
2020-01-28,71.289,1
2020-01-29,71.282,1
2020-01-30,71.639,1
2020-01-31,71.395,1
2020-02-03,71.393,1
2020-02-04,71.245,1
2020-02-05,71.154,1
2020-02-06,71.148,1
2020-02-07,71.44,1
2020-02-10,71.324,1
2020-02-11,71.272,1
2020-02-12,71.316,1
2020-02-13,71.271,1
2020-02-14,71.45,1
2020-02-17,71.382,1
2020-02-18,71.551,1
2020-02-19,71.513,1
2020-02-20,71.616,1
2020-02-21,71.988,1
2020-02-24,71.941,1
2020-02-25,71.701,1
2020-02-26,71.651,1
2020-02-27,71.633,1
2020-02-28,72.228,1
2020-03-02,72.757,1
2020-03-03,73.248,1
2020-03-04,73.258,1
2020-03-05,73.433,1
2020-03-06,73.739,1
2020-03-09,74.162,1
2020-03-10,73.845,1
2020-03-11,73.677,1
2020-03-12,74.262,1
2020-03-13,73.739,1
2020-03-16,74.222,1
2020-03-17,74.276,1
2020-03-18,74.209,1
2020-03-19,75.123,1
2020-03-20,75.147,1
2020-03-23,76.166,1
2020-03-24,75.957,1
2020-03-25,76.383,1
2020-03-26,75.157,1
2020-03-27,75.494,1
2020-03-30,75.675,1
2020-03-31,75.666,1
2020-04-01,76.445,1
2020-04-02,76.407,1
2020-04-03,76.236,1
2020-04-06,76.091,1
2020-04-07,75.563,1
2020-04-08,76.23,1
2020-04-09,76.314,1
2020-04-14,76.156,1
2020-04-15,76.502,1
2020-04-16,76.874,1
2020-04-17,76.483,1
2020-04-20,76.556,1
2020-04-21,76.94,1
2020-04-22,76.534,1
2020-04-23,76.068,1
2020-04-24,76.269,1
2020-04-27,76.133,1
2020-04-28,75.867,1
2020-04-29,75.65,1
2020-04-30,75.037,1
2020-05-04,75.663,1
2020-05-05,75.754,1
2020-05-06,75.858,1
2020-05-07,75.832,1
2020-05-08,75.588,1
2020-05-11,75.85,1
2020-05-12,75.143,1
2020-05-13,75.292,1
2020-05-14,75.602,1
2020-05-15,75.931,1
2020-05-18,75.831,1
2020-05-19,75.662,1
2020-05-20,75.616,1
2020-05-21,75.5,1
2020-05-22,75.871,1
2020-05-25,75.885,1
2020-05-26,75.563,1
2020-05-27,75.735,1
2020-05-28,75.763,1
2020-05-29,75.521,1
2020-06-01,75.513,1
2020-06-02,75.21,1
2020-06-03,75.496,1
2020-06-04,75.493,1
2020-06-05,75.578,1
2020-06-08,75.534,1
2020-06-09,75.536,1
2020-06-10,75.516,1
2020-06-11,75.837,1
2020-06-12,75.893,1
2020-06-15,76.006,1
2020-06-16,76.097,1
2020-06-17,76.166,1
2020-06-18,76.341,1
2020-06-19,76.137,1
2020-06-22,76.037,1
2020-06-23,75.49,1
2020-06-24,75.647,1
2020-06-25,75.634,1
2020-06-26,75.644,1
2020-06-29,75.496,1
2020-06-30,75.567,1
2020-07-01,75.554,1
2020-07-02,74.739,1
2020-07-03,74.679,1
2020-07-06,74.57,1
2020-07-07,74.81,1
2020-07-08,75.004,1
2020-07-09,74.987,1
2020-07-10,75.239,1
2020-07-13,75.223,1
2020-07-14,75.402,1
2020-07-15,75.122,1
2020-07-16,75.223,1
2020-07-17,74.965,1
2020-07-20,74.808,1
2020-07-21,74.613,1
2020-07-22,74.529,1
2020-07-23,74.838,1
2020-07-24,74.836,1
2020-07-27,74.728,1
2020-07-28,74.857,1
2020-07-29,74.789,1
2020-07-30,74.887,1
2020-07-31,74.814,1
2020-08-03,75.2,1
2020-08-04,75.121,1
2020-08-05,74.835,1
2020-08-06,74.947,1
2020-08-07,75.002,1
2020-08-10,74.904,1
2020-08-11,74.565,1
2020-08-12,74.802,1
2020-08-13,74.842,1
2020-08-14,74.892,1
2020-08-17,74.825,1
2020-08-18,74.651,1
2020-08-19,74.851,1
2020-08-20,75.097,1
2020-08-21,74.943,1
2020-08-24,74.086,1
2020-08-25,74.251,1
2020-08-26,74.315,1
2020-08-27,73.92,1
2020-08-28,73.193,1
2020-08-31,73.258,1
2020-09-01,72.921,1
2020-09-02,73.198,1
2020-09-03,73.529,1
2020-09-04,73.197,1
2020-09-07,73.452,1
2020-09-08,73.916,1
2020-09-09,73.567,1
2020-09-10,73.449,1
2020-09-11,73.595,1
2020-09-14,73.543,1
2020-09-15,73.596,1
2020-09-16,73.528,1
2020-09-17,73.629,1
2020-09-18,73.532,1
2020-09-21,73.556,1
2020-09-22,73.475,1
2020-09-23,73.537,1
2020-09-24,73.946,1
2020-09-25,73.681,1
2020-09-28,73.719,1
2020-09-29,73.731,1
2020-09-30,73.71,1
2020-10-01,73.034,1
2020-10-02,73.35,1
2020-10-05,73.156,1
2020-10-06,73.396,1
2020-10-07,73.288,1
2020-10-08,73.26,1
2020-10-09,73.082,1
2020-10-12,73.294,1
2020-10-13,73.318,1
2020-10-14,73.277,1
2020-10-15,73.474,1
2020-10-16,73.307,1
2020-10-19,73.305,1
2020-10-20,73.539,1
2020-10-21,73.718,1
2020-10-22,73.691,1
2020-10-23,73.65,1
2020-10-26,74.076,1
2020-10-27,73.665,1
2020-10-28,74.017,1
2020-10-29,74.41,1
2020-10-30,74.466,1
2020-11-02,74.459,1
2020-11-03,74.406,1
2020-11-04,74.396,1
2020-11-05,74.011,1
2020-11-06,74.145,1
2020-11-09,73.752,1
2020-11-10,74.246,1
2020-11-11,74.418,1
2020-11-12,74.693,1
2020-11-13,74.642,1
2020-11-16,74.455,1
2020-11-17,74.466,1
2020-11-18,74.157,1
2020-11-19,74.206,1
2020-11-20,74.13,1
2020-11-23,74.027,1
2020-11-24,74.083,1
2020-11-25,73.886,1
2020-11-26,73.84,1
2020-11-27,74.065,1
2020-11-30,74.065,1
2020-12-01,73.655,1
2020-12-02,73.736,1
2020-12-03,73.829,1
2020-12-04,73.756,1
2020-12-07,73.903,1
2020-12-08,73.634,1
2020-12-09,73.672,1
2020-12-10,73.669,1
2020-12-11,73.778,1
2020-12-14,73.549,1
2020-12-15,73.591,1
2020-12-16,73.648,1
2020-12-17,73.591,1
2020-12-18,73.513,1
2020-12-21,74.041,1
2020-12-22,73.862,1
2020-12-23,73.804,1
2020-12-24,73.55,1
2020-12-28,73.5,1
2020-12-29,73.367,1
2020-12-30,73.186,1
2020-12-31,73.067,1
2021-01-04,73.024,1
2021-01-05,73.238,1
2021-01-06,73.107,1
2021-01-07,73.355,1
2021-01-08,73.306,1
2021-01-11,73.46,1
2021-01-12,73.259,1
2021-01-13,73.163,1
2021-01-14,73.128,1
2021-01-15,73.117,1
2021-01-18,73.309,1
2021-01-19,73.154,1
2021-01-20,73.027,1
2021-01-21,72.973,1
2021-01-22,73.014,1
2021-01-25,72.934,1
2021-01-26,72.931,1
2021-01-27,73.006,1
2021-01-28,73.046,1
2021-01-29,72.866,1
2021-02-01,73.105,1
2021-02-02,72.991,1
2021-02-03,72.913,1
2021-02-04,72.883,1
2021-02-05,72.912,1
2021-02-08,72.948,1
2021-02-09,72.935,1
2021-02-10,72.829,1
2021-02-11,72.775,1
2021-02-12,72.58,1
2021-02-15,72.611,1
2021-02-16,72.816,1
2021-02-17,72.794,1
2021-02-18,72.55,1
2021-02-19,72.502,1
2021-02-22,72.505,1
2021-02-23,72.519,1
2021-02-24,72.353,1
2021-02-25,72.63,1
2021-02-26,73.905,1
2021-03-01,73.567,1
2021-03-02,73.379,1
2021-03-03,72.85,1
2021-03-04,72.752,1
2021-03-05,73.069,1
2021-03-08,73.361,1
2021-03-09,73.003,1
2021-03-10,72.999,1
2021-03-11,72.596,1
2021-03-12,72.681,1
2021-03-15,72.559,1
2021-03-16,72.514,1
2021-03-17,72.588,1
2021-03-18,72.708,1
2021-03-19,72.509,1
2021-03-22,72.355,1
2021-03-23,72.456,1
2021-03-24,72.609,1
2021-03-25,72.666,1
2021-03-26,72.551,1
2021-03-29,72.556,1
2021-03-30,73.461,1
2021-03-31,73.186,1
2021-04-01,73.412,1
2021-04-06,73.4,1
2021-04-07,74.36,1
2021-04-08,74.615,1
2021-04-09,74.706,1
2021-04-12,75.017,1
2021-04-13,75.42,1
2021-04-14,75.084,1
2021-04-15,75.021,1
2021-04-16,74.454,1
2021-04-19,74.84,1
2021-04-20,75.139,1
2021-04-21,75.456,1
2021-04-22,75.037,1
2021-04-23,74.979,1
2021-04-26,74.787,1
2021-04-27,74.578,1
2021-04-28,74.474,1
2021-04-29,74.079,1
2021-04-30,74.061,1
2021-05-03,73.896,1
2021-05-04,73.879,1
2021-05-05,73.878,1
2021-05-06,73.748,1
2021-05-07,73.505,1
2021-05-10,73.35,1
2021-05-11,73.369,1
2021-05-12,73.411,1
2021-05-13,73.554,1
2021-05-14,73.257,1
2021-05-17,73.318,1
2021-05-18,73.008,1
2021-05-19,73.149,1
2021-05-20,73.064,1
2021-05-21,72.859,1
2021-05-24,72.92,1
2021-05-25,72.766,1
2021-05-26,72.753,1
2021-05-27,72.602,1
2021-05-28,72.55,1
2021-05-31,72.568,1
2021-06-01,72.9,1
2021-06-02,73.1,1
2021-06-03,72.93,1
2021-06-04,73.005,1
2021-06-07,72.792,1
2021-06-08,72.878,1
2021-06-09,72.948,1
2021-06-10,73.082,1
2021-06-11,73.13,1
2021-06-14,73.233,1
2021-06-15,73.34,1
2021-06-16,73.309,1
2021-06-17,74.122,1
2021-06-18,73.987,1
2021-06-21,74.165,1
2021-06-22,74.298,1
2021-06-23,74.178,1
2021-06-24,74.145,1
2021-06-25,74.209,1
2021-06-28,74.299,1
2021-06-29,74.277,1
2021-06-30,74.318,1
2021-07-01,74.52,1
2021-07-02,74.693,1
2021-07-05,74.296,1
2021-07-06,74.514,1
2021-07-07,74.618,1
2021-07-08,74.852,1
2021-07-09,74.524,1
2021-07-12,74.595,1
2021-07-13,74.544,1
2021-07-14,74.492,1
2021-07-15,74.562,1
2021-07-16,74.589,1
2021-07-19,74.987,1
2021-07-20,74.667,1
2021-07-21,74.575,1
2021-07-22,74.446,1
2021-07-23,74.437,1
2021-07-26,74.429,1
2021-07-27,74.437,1
2021-07-28,74.388,1
2021-07-29,74.261,1
2021-07-30,74.334,1
2021-08-02,74.373,1
2021-08-03,74.228,1
2021-08-04,74.159,1
2021-08-05,74.118,1
2021-08-06,74.109,1
2021-08-09,74.245,1
2021-08-10,74.382,1
2021-08-11,74.381,1
2021-08-12,74.206,1
2021-08-13,74.263,1
2021-08-16,74.218,1
2021-08-17,74.31,1
2021-08-18,74.256,1
2021-08-19,74.384,1
2021-08-20,74.372,1
2021-08-23,74.176,1
2021-08-24,74.157,1
2021-08-25,74.259,1
2021-08-26,74.131,1
2021-08-27,73.718,1
2021-08-30,73.299,1
2021-08-31,72.993,1
2021-09-01,73.073,1
2021-09-02,73.037,1
2021-09-03,73.029,1
2021-09-06,73.087,1
2021-09-07,73.474,1
2021-09-08,73.569,1
2021-09-09,73.551,1
2021-09-10,73.431,1
2021-09-13,73.718,1
2021-09-14,73.675,1
2021-09-15,73.461,1
2021-09-16,73.51,1
2021-09-17,73.455,1
2021-09-20,73.666,1
2021-09-21,73.684,1
2021-09-22,73.851,1
2021-09-23,73.726,1
2021-09-24,73.786,1
2021-09-27,73.859,1
2021-09-28,74.122,1
2021-09-29,74.198,1
2021-09-30,74.341,1
2021-10-01,74.121,1
2021-10-04,74.252,1
2021-10-05,74.547,1
2021-10-06,74.892,1
2021-10-07,74.736,1
2021-10-08,74.985,1
2021-10-11,75.454,1
2021-10-12,75.526,1
2021-10-13,75.342,1
2021-10-14,75.28,1
2021-10-15,74.961,1
2021-10-18,75.327,1
2021-10-19,75.075,1
2021-10-20,74.86,1
2021-10-21,74.882,1
2021-10-22,74.867,1
2021-10-25,75.17,1
2021-10-26,74.953,1
2021-10-27,75.062,1
2021-10-28,74.873,1
2021-10-29,74.865,1
2021-11-01,74.909,1
2021-11-02,74.636,1
2021-11-03,74.486,1
2021-11-04,74.423,1
2021-11-05,74.26,1
2021-11-08,74.108,1
2021-11-09,74.104,1
2021-11-10,74.304,1
2021-11-11,74.442,1
2021-11-12,74.415,1
2021-11-15,74.397,1
2021-11-16,74.367,1
2021-11-17,74.258,1
2021-11-18,74.235,1
2021-11-19,74.253,1
2021-11-22,74.348,1
2021-11-23,74.465,1
2021-11-24,74.46,1
2021-11-25,74.499,1
2021-11-26,74.874,1
2021-11-29,75.08,1
2021-11-30,75.095,1
2021-12-01,74.907,1
2021-12-02,75.007,1
2021-12-03,75.148,1
2021-12-06,75.414,1
2021-12-07,75.409,1
2021-12-08,75.431,1
2021-12-09,75.599,1
2021-12-10,75.676,1
2021-12-13,75.74,1
2021-12-14,75.94,1
2021-12-15,76.39,1
2021-12-16,76.217,1
2021-12-17,75.958,1
2021-12-20,75.845,1
2021-12-21,75.573,1
2021-12-22,75.577,1
2021-12-23,75.225,1
2021-12-24,75.002,1
2021-12-27,74.973,1
2021-12-28,74.689,1
2021-12-29,74.662,1
2021-12-30,74.343,1
2021-12-31,74.369,1
2022-01-03,74.32,1
2022-01-04,74.661,1
2022-01-05,74.353,1
2022-01-06,74.459,1
2022-01-07,74.332,1
2022-01-10,74.041,1
2022-01-11,73.88,1
2022-01-12,73.905,1
2022-01-13,73.907,1
2022-01-14,74.203,1
2022-01-17,74.305,1
2022-01-18,74.611,1
2022-01-19,74.403,1
2022-01-20,74.405,1
2022-01-21,74.392,1
2022-01-24,74.62,1
2022-01-25,74.796,1
2022-01-26,74.869,1
2022-01-27,75.081,1
2022-01-28,75.058,1
2022-01-31,74.731,1
2022-02-01,74.778,1
2022-02-02,74.724,1
2022-02-03,74.889,1
2022-02-04,74.703,1
2022-02-07,74.718,1
2022-02-08,74.728,1
2022-02-09,74.84,1
2022-02-10,75.129,1
2022-02-11,75.195,1
2022-02-14,75.53,1
2022-02-15,75.311,1
2022-02-16,75.088,1
2022-02-17,75.013,1
2022-02-18,74.555,1
2022-02-21,74.687,1
2022-02-22,74.731,1
2022-02-23,74.586,1
2022-02-24,75.517,1
2022-02-25,75.205,1
2022-02-28,75.498,1
2022-03-01,75.703,1
2022-03-02,75.797,1
2022-03-03,75.993,1
2022-03-04,76.347,1
2022-03-07,76.925,1
2022-03-08,77.047,1
2022-03-09,76.594,1
2022-03-10,76.335,1
2022-03-11,76.424,1
2022-03-14,76.578,1
2022-03-15,76.39,1
2022-03-16,76.205,1
2022-03-17,75.866,1
2022-03-18,76.108,1
2022-03-21,76.264,1
2022-03-22,76.116,1
2022-03-23,76.441,1
2022-03-24,76.407,1
2022-03-25,76.186,1
2022-03-28,76.126,1
2022-03-29,75.751,1
2022-03-30,75.84,1
2022-03-31,75.786,1
2022-04-01,75.986,1
2022-04-04,75.529,1
2022-04-05,75.34,1
2022-04-06,75.831,1
2022-04-07,75.989,1
2022-04-08,75.859,1
2022-04-11,75.881,1
2022-04-12,76.172,1
2022-04-13,76.187,1
2022-04-14,76.126,1
2022-04-19,76.46,1
2022-04-20,76.297,1
2022-04-21,76.201,1
2022-04-22,76.444,1
2022-04-25,76.605,1
2022-04-26,76.569,1
2022-04-27,76.604,1
2022-04-28,76.652,1
2022-04-29,76.509,1
2022-05-02,76.492,1
2022-05-03,76.582,1
2022-05-04,76.346,1
2022-05-05,76.287,1
2022-05-06,76.916,1
2022-05-09,77.413,1
2022-05-10,77.26,1
2022-05-11,77.22,1
2022-05-12,77.508,1
2022-05-13,77.448,1
2022-05-16,77.797,1
2022-05-17,77.459,1
2022-05-18,77.592,1
2022-05-19,77.634,1
2022-05-20,77.678,1
2022-05-23,77.568,1
2022-05-24,77.593,1
2022-05-25,77.581,1
2022-05-26,77.601,1
2022-05-27,77.588,1
2022-05-30,77.555,1
2022-05-31,77.691,1
2022-06-01,77.53,1
2022-06-02,77.553,1
2022-06-03,77.605,1
2022-06-06,77.606,1
2022-06-07,77.725,1
2022-06-08,77.67,1
2022-06-09,77.753,1
2022-06-10,77.841,1
2022-06-13,78.058,1
2022-06-14,78.033,1
2022-06-15,78.142,1
2022-06-16,78.067,1
2022-06-17,78.076,1
2022-06-20,77.959,1
2022-06-21,78.123,1
2022-06-22,78.329,1
2022-06-23,78.29,1
2022-06-24,78.297,1
2022-06-27,78.443,1
2022-06-28,78.979,1
2022-06-29,78.958,1
2022-06-30,79.051,1
2022-07-01,79.012,1
2022-07-04,78.919,1
2022-07-05,79.368,1
2022-07-06,79.129,1
2022-07-07,79.175,1
2022-07-08,79.238,1
2022-07-11,79.461,1
2022-07-12,79.562,1
2022-07-13,79.597,1
2022-07-14,80.04,1
2022-07-15,79.849,1
2022-07-18,79.982,1
2022-07-19,79.941,1
2022-07-20,80.01,1
2022-07-21,79.861,1
2022-07-22,79.863,1
2022-07-25,79.787,1
2022-07-26,79.81,1
2022-07-27,79.925,1
2022-07-28,79.678,1
2022-07-29,79.31,1
2022-08-01,79.087,1
2022-08-02,78.56,1
2022-08-03,79.154,1
2022-08-04,79.334,1
2022-08-05,79.205,1
2022-08-08,79.586,1
2022-08-09,79.549,1
2022-08-10,79.467,1
2022-08-11,79.59,1
2022-08-12,79.718,1
2022-08-15,79.51,1
2022-08-16,79.331,1
2022-08-17,79.457,1
2022-08-18,79.623,1
2022-08-19,79.869,1
2022-08-22,79.854,1
2022-08-23,79.863,1
2022-08-24,79.828,1
2022-08-25,79.896,1
2022-08-26,79.846,1
2022-08-29,79.942,1
2022-08-30,79.532,1
2022-08-31,79.546,1
2022-09-01,79.588,1
2022-09-02,79.866,1
2022-09-05,79.872,1
2022-09-06,79.805,1
2022-09-07,79.947,1
2022-09-08,79.666,1
2022-09-09,79.578,1
2022-09-12,79.458,1
2022-09-13,79.165,1
2022-09-14,79.502,1
2022-09-15,79.776,1
2022-09-16,79.727,1
2022-09-19,79.733,1
2022-09-20,79.722,1
2022-09-21,79.907,1
2022-09-22,80.83,1
2022-09-23,81.06,1
2022-09-26,81.59,1
2022-09-27,81.47,1
2022-09-28,81.83,1
2022-09-29,81.72,1
2022-09-30,81.48,1
2022-10-03,81.83,1
2022-10-04,81.59,1
2022-10-05,81.6,1
2022-10-06,82.21,1
2022-10-07,82.22,1
2022-10-10,82.47,1
2022-10-11,82.23,1
2022-10-12,82.32,1
2022-10-13,82.14,1
2022-10-14,82.3,1
2022-10-17,82.28,1
2022-10-18,82.28,1
2022-10-19,83.04,1
2022-10-20,82.74,1
2022-10-21,82.98,1
2022-10-24,82.78,1
2022-10-25,82.8,1
2022-10-26,82.02,1
2022-10-27,82.36,1
2022-10-28,82.46,1
2022-10-31,82.81,1
2022-11-01,82.52,1
2022-11-02,82.75,1
2022-11-03,82.93,1
2022-11-04,82.07,1
2022-11-07,81.9,1
2022-11-08,81.55,1
2022-11-09,81.34,1
2022-11-10,81.69,1
2022-11-11,80.74,1
2022-11-14,81.19,1
2022-11-15,80.86,1
2022-11-16,81.24,1
2022-11-17,81.78,1
2022-11-18,81.7,1
2022-11-21,81.73,1
2022-11-22,81.64,1
2022-11-23,81.81,1
2022-11-24,81.66,1
2022-11-25,81.65,1
2022-11-28,81.66,1
2022-11-29,81.66,1
2022-11-30,81.36,1
2022-12-01,81.24,1
2022-12-02,81.27,1
2022-12-05,81.72,1
2022-12-06,82.4,1
2022-12-07,82.33,1
2022-12-08,82.4,1
2022-12-09,82.35,1
2022-12-12,82.61,1
2022-12-13,82.79,1
2022-12-14,82.49,1
2022-12-15,82.8,1
2022-12-16,82.7,1
2022-12-19,82.59,1
2022-12-20,82.71,1
2022-12-21,82.84,1
2022-12-22,82.8,1
2022-12-23,82.81,1
2022-12-27,82.91,1
2022-12-28,82.79,1
2022-12-29,82.85,1
2022-12-30,82.66,1
2023-01-02,82.78,1
2023-01-03,82.89,1
2023-01-04,82.83,1
2023-01-05,82.52,1
2023-01-06,82.77,1
2023-01-09,82.35,1
2023-01-10,81.79,1
2023-01-11,81.71,1
2023-01-12,81.49,1
2023-01-13,81.47,1
2023-01-16,81.65,1
2023-01-17,81.69,1
2023-01-18,81.32,1
2023-01-19,81.41,1
2023-01-20,81.12,1
2023-01-23,81.36,1
2023-01-24,81.62,1
2023-01-25,81.57,1
2023-01-26,81.53,1
2023-01-27,81.61,1
2023-01-30,81.53,1
2023-01-31,81.82,1
2023-02-01,81.8,1
2023-02-02,82.18,1
2023-02-03,81.91,1
2023-02-06,82.67,1
2023-02-07,82.72,1
2023-02-08,82.52,1
2023-02-09,82.53,1
2023-02-10,82.55,1
2023-02-13,82.73,1
2023-02-14,82.83,1
2023-02-15,82.84,1
2023-02-16,82.67,1
2023-02-17,82.84,1
2023-02-20,82.73,1
2023-02-21,82.78,1
2023-02-22,82.9,1
2023-02-23,82.58,1
2023-02-24,82.76,1
2023-02-27,82.76,1
2023-02-28,82.61,1
2023-03-01,82.44,1
2023-03-02,82.55,1
2023-03-03,81.88,1
2023-03-06,81.85,1
2023-03-07,81.82,1
2023-03-08,81.95,1
2023-03-09,82.07,1
2023-03-10,82.13,1
2023-03-13,82.24,1
2023-03-14,82.36,1
2023-03-15,82.77,1
2023-03-16,82.8,1
2023-03-17,82.64,1
2023-03-20,82.57,1
2023-03-21,82.62,1
2023-03-22,82.6,1
2023-03-23,82.25,1
2023-03-24,82.42,1
2023-03-27,82.31,1
2023-03-28,82.15,1
2023-03-29,82.33,1
2023-03-30,82.09,1
2023-03-31,82.21,1
2023-04-03,82.31,1
2023-04-04,82.19,1
2023-04-05,82.01,1
2023-04-06,81.88,1
2023-04-11,82.09,1
2023-04-12,82.12,1
2023-04-13,81.86,1
2023-04-14,81.72,1
2023-04-17,82.01,1
2023-04-18,82.03,1
2023-04-19,82.23,1
2023-04-20,82.18,1
2023-04-21,82.08,1
2023-04-24,81.92,1
2023-04-25,81.95,1
2023-04-26,81.76,1
2023-04-27,81.8,1
2023-04-28,81.83,1
2023-05-02,81.85,1
2023-05-03,81.82,1
2023-05-04,81.77,1
2023-05-05,81.71,1
2023-05-08,81.8,1
2023-05-09,82.08,1
2023-05-10,82.03,1
2023-05-11,82.06,1
2023-05-12,82.19,1
2023-05-15,82.29,1
2023-05-16,82.23,1
2023-05-17,82.36,1
2023-05-18,82.58,1
2023-05-19,82.74,1
2023-05-22,82.86,1
2023-05-23,82.82,1
2023-05-24,82.66,1
2023-05-25,82.73,1
2023-05-26,82.6,1
2023-05-29,82.61,1
2023-05-30,82.65,1
2023-05-31,82.69,1
2023-06-01,82.46,1
2023-06-02,82.36,1
2023-06-05,82.63,1
2023-06-06,82.59,1
2023-06-07,82.5,1
2023-06-08,82.54,1
2023-06-09,82.46,1
2023-06-12,82.42,1
2023-06-13,82.33,1
2023-06-14,82.05,1
2023-06-15,82.24,1
2023-06-16,81.89,1
2023-06-19,81.95,1
2023-06-20,82.09,1
2023-06-21,82.01,1
2023-06-22,81.96,1
2023-06-23,81.97,1
2023-06-26,82.03,1
2023-06-27,81.99,1
2023-06-28,82.05,1
2023-06-29,82.02,1
2023-06-30,82.1,1
2023-07-03,81.95,1
2023-07-04,82.02,1
2023-07-05,82.29,1
2023-07-06,82.44,1
2023-07-07,82.71,1
2023-07-10,82.6,1
2023-07-11,82.42,1
2023-07-12,82.31,1
2023-07-13,82.09,1
2023-07-14,82.17,1
2023-07-17,82.02,1
2023-07-18,82.03,1
2023-07-19,82.08,1
2023-07-20,81.97,1
2023-07-21,81.97,1
2023-07-24,81.81,1
2023-07-25,81.84,1
2023-07-26,82.03,1
2023-07-27,81.92,1
2023-07-28,82.2,1
2023-07-31,82.26,1
2023-08-01,82.28,1
2023-08-02,82.55,1
2023-08-03,82.78,1
2023-08-04,82.89,1
2023-08-07,82.73,1
2023-08-08,82.84,1
2023-08-09,82.86,1
2023-08-10,82.68,1
2023-08-11,82.79,1
2023-08-14,83.09,1
2023-08-15,83.34,1
2023-08-16,83.22,1
2023-08-17,83.03,1
2023-08-18,83.08,1
2023-08-21,83.11,1
2023-08-22,82.96,1
2023-08-23,82.67,1
2023-08-24,82.58,1
2023-08-25,82.62,1
2023-08-28,82.62,1
2023-08-29,82.78,1
2023-08-30,82.69,1
2023-08-31,82.75,1
2023-09-01,82.72,1
2023-09-04,82.68,1
2023-09-05,83.03,1
2023-09-06,83.15,1
2023-09-07,83.19,1
2023-09-08,83.02,1
2023-09-11,82.96,1
2023-09-12,82.92,1
2023-09-13,83.0,1
2023-09-14,82.99,1
2023-09-15,83.15,1
2023-09-18,83.31,1
2023-09-19,83.21,1
2023-09-20,83.08,1
2023-09-21,83.09,1
2023-09-22,82.93,1
2023-09-25,83.12,1
2023-09-26,83.26,1
2023-09-27,83.19,1
2023-09-28,83.16,1
2023-09-29,83.08,1
2023-10-02,83.17,1
2023-10-03,83.22,1
2023-10-04,83.26,1
2023-10-05,83.25,1
2023-10-06,83.15,1
2023-10-09,83.3,1
2023-10-10,83.24,1
2023-10-11,83.18,1
2023-10-12,83.24,1
2023-10-13,83.27,1
2023-10-16,83.25,1
2023-10-17,83.22,1
2023-10-18,83.25,1
2023-10-19,83.23,1
2023-10-20,83.07,1
2023-10-23,83.14,1
2023-10-24,83.06,1
2023-10-25,83.18,1
2023-10-26,83.24,1
2023-10-27,83.25,1
2023-10-30,83.26,1
2023-10-31,83.27,1
2023-11-01,83.28,1
2023-11-02,83.2,1
2023-11-03,83.21,1
2023-11-06,83.23,1
2023-11-07,83.27,1
2023-11-08,83.29,1
2023-11-09,83.29,1
2023-11-10,83.29,1
2023-11-13,83.26,1
2023-11-14,83.18,1
2023-11-15,83.08,1
2023-11-16,83.24,1
2023-11-17,83.25,1
2023-11-20,83.37,1
2023-11-21,83.29,1
2023-11-22,83.31,1
2023-11-23,83.32,1
2023-11-24,83.4,1
2023-11-27,83.34,1
2023-11-28,83.35,1
2023-11-29,83.32,1
2023-11-30,83.35,1
2023-12-01,83.32,1
2023-12-04,83.38,1
2023-12-05,83.38,1
2023-12-06,83.35,1
2023-12-07,83.36,1
2023-12-08,83.41,1
2023-12-11,83.37,1
2023-12-12,83.38,1
2023-12-13,83.4,1
2023-12-14,83.33,1
2023-12-15,83.08,1
2023-12-18,83.16,1
2023-12-19,83.18,1
2023-12-20,83.21,1
2023-12-21,83.25,1
2023-12-22,83.13,1
2023-12-27,83.32,1
2023-12-28,83.18,1
2023-12-29,83.17,1
2024-01-02,83.32,1
2024-01-03,83.3,1
2024-01-04,83.24,1
2024-01-05,83.15,1
2024-01-08,83.11,1
2024-01-09,83.11,1
2024-01-10,83.03,1
2024-01-11,83.02,1
2024-01-12,82.93,1
2024-01-15,82.87,1
2024-01-16,83.09,1
2024-01-17,83.14,1
2024-01-18,83.15,1
2024-01-19,83.08,1
2024-01-22,83.13,1
2024-01-23,83.12,1
2024-01-24,83.11,1
2024-01-25,83.13,1
2024-01-26,83.13,1
2024-01-29,83.16,1
2024-01-30,83.13,1
2024-01-31,83.05,1
2024-02-01,82.98,1
2024-02-02,82.91,1
2024-02-05,83.05,1
2024-02-06,83.05,1
2024-02-07,82.98,1
2024-02-08,82.99,1
2024-02-09,83.03,1
2024-02-12,83.01,1
2024-02-13,83.0,1
2024-02-14,83.04,1
2024-02-15,83.05,1
2024-02-16,83.01,1
2024-02-19,83.02,1
2024-02-20,82.95,1
2024-02-21,82.92,1
2024-02-22,82.88,1
2024-02-23,82.91,1
2024-02-26,82.88,1
2024-02-27,82.89,1
2024-02-28,82.9,1
2024-02-29,82.9,1
2024-03-01,82.87,1
2024-03-04,82.92,1
2024-03-05,82.91,1
2024-03-06,82.82,1
2024-03-07,82.72,1
2024-03-08,82.73,1
2024-03-11,82.75,1
2024-03-12,82.78,1
2024-03-13,82.81,1
2024-03-14,82.86,1
2024-03-15,82.87,1
2024-03-18,82.89,1
2024-03-19,83.02,1
2024-03-20,83.22,1
2024-03-21,83.12,1
2024-03-22,83.54,1
2024-03-25,83.41,1
2024-03-26,83.32,1
2024-03-27,83.33,1
2024-03-28,83.38,1
2024-04-02,83.4,1
2024-04-03,83.47,1
2024-04-04,83.4,1
2024-04-05,83.32,1
2024-04-08,83.3,1
2024-04-09,83.2,1
2024-04-10,83.2,1
2024-04-11,83.36,1
2024-04-12,83.47,1
2024-04-15,83.43,1
2024-04-16,83.58,1
2024-04-17,83.67,1
2024-04-18,83.52,1
2024-04-19,83.47,1
2024-04-22,83.36,1
2024-04-23,83.33,1
2024-04-24,83.32,1
2024-04-25,83.32,1
2024-04-26,83.37,1
2024-04-29,83.45,1
2024-04-30,83.43,1
2024-05-02,83.46,1
2024-05-03,83.46,1
2024-05-06,83.51,1
2024-05-07,83.5,1
2024-05-08,83.5,1
2024-05-09,83.5,1
2024-05-10,83.51,1
2024-05-13,83.49,1
2024-05-14,83.51,1
2024-05-15,83.49,1
2024-05-16,83.5,1
2024-05-17,83.35,1
2024-05-20,83.3,1
2024-05-21,83.31,1
2024-05-22,83.3,1
2024-05-23,83.23,1
2024-05-24,83.12,1
2024-05-27,83.13,1
2024-05-28,83.18,1
2024-05-29,83.38,1
2024-05-30,83.28,1
2024-05-31,83.42,1
2024-06-03,83.12,1
2024-06-04,83.47,1
2024-06-05,83.43,1
2024-06-06,83.49,1
2024-06-07,83.4,1
2024-06-10,83.49,1
2024-06-11,83.57,1
2024-06-12,83.56,1
2024-06-13,83.56,1
2024-06-14,83.54,1
2024-06-17,83.54,1
2024-06-18,83.43,1
2024-06-19,83.43,1
2024-06-20,83.61,1
2024-06-21,83.57,1
2024-06-24,83.49,1
2024-06-25,83.43,1
2024-06-26,83.56,1
2024-06-27,83.43,1
2024-06-28,83.37,1
2024-07-01,83.44,1
2024-07-02,83.46,1
2024-07-03,83.51,1
2024-07-04,83.52,1
2024-07-05,83.49,1
2024-07-08,83.5,1
2024-07-09,83.49,1
2024-07-10,83.51,1
2024-07-11,83.57,1
2024-07-12,83.53,1
2024-07-15,83.59,1
2024-07-16,83.57,1
2024-07-17,83.56,1
2024-07-18,83.63,1
2024-07-19,83.67,1
2024-07-22,83.66,1
2024-07-23,83.71,1
2024-07-24,83.71,1
2024-07-25,83.76,1
2024-07-26,83.75,1
2024-07-29,83.73,1
2024-07-30,83.72,1
2024-07-31,83.69,1
2024-08-01,83.74,1
2024-08-02,83.74,1
2024-08-05,84.15,1
2024-08-06,83.91,1
2024-08-07,83.96,1
2024-08-08,83.95,1
2024-08-09,83.96,1
2024-08-12,83.97,1
2024-08-13,83.94,1
2024-08-14,83.95,1
2024-08-15,83.95,1
2024-08-16,83.94,1
2024-08-19,83.88,1
2024-08-20,83.76,1
2024-08-21,83.9,1
2024-08-22,83.95,1
2024-08-23,83.9,1
2024-08-26,83.9,1
2024-08-27,83.92,1
2024-08-28,83.98,1
2024-08-29,83.89,1
2024-08-30,83.84,1
2024-09-02,83.91,1
2024-09-03,83.98,1
2024-09-04,83.98,1
2024-09-05,83.99,1
2024-09-06,83.95,1
2024-09-09,83.95,1
2024-09-10,83.97,1
2024-09-11,83.98,1
2024-09-12,83.96,1
2024-09-13,83.92,1
2024-09-16,83.86,1
2024-09-17,83.76,1
2024-09-18,83.72,1
2024-09-19,83.65,1
2024-09-20,83.53,1
2024-09-23,83.55,1
2024-09-24,83.67,1
2024-09-25,83.6,1
2024-09-26,83.64,1
2024-09-27,83.69,1
2024-09-30,83.79,1
2024-10-01,83.83,1
2024-10-02,83.99,1
2024-10-03,83.99,1
2024-10-04,83.97,1
2024-10-07,84.0,1
2024-10-08,83.96,1
2024-10-09,83.96,1
2024-10-10,83.97,1
2024-10-11,84.07,1
2024-10-14,84.04,1
2024-10-15,84.03,1
2024-10-16,84.01,1
2024-10-17,84.04,1
2024-10-18,84.08,1
2024-10-21,84.07,1
2024-10-22,84.07,1
2024-10-23,84.09,1
2024-10-24,84.07,1
2024-10-25,84.09,1
2024-10-28,84.08,1
2024-10-29,84.06,1
2024-10-30,84.09,1
2024-10-31,84.07,1
2024-11-01,84.06,1
2024-11-04,84.12,1
2024-11-05,84.11,1
2024-11-06,84.32,1
2024-11-07,84.32,1
2024-11-08,84.38,1
2024-11-11,84.4,1
2024-11-12,84.38,1
2024-11-13,84.38,1
2024-11-14,84.46,1
2024-11-15,84.43,1
2024-11-18,84.42,1
2024-11-19,84.41,1
2024-11-20,84.36,1
2024-11-21,84.48,1
2024-11-22,84.45,1
2024-11-25,84.29,1
2024-11-26,84.3,1
2024-11-27,84.41,1
2024-11-28,84.47,1
2024-11-29,84.57,1
2024-12-02,84.71,1
2024-12-03,84.68,1
2024-12-04,84.76,1
2024-12-05,84.68,1
2024-12-06,84.69,1
2024-12-09,84.87,1
2024-12-10,84.88,1
2024-12-11,84.85,1
2024-12-12,84.87,1
2024-12-13,84.8,1
2024-12-16,84.89,1
2024-12-17,84.92,1
2024-12-18,84.95,1
2024-12-19,85.12,1
2024-12-20,85.04,1
2024-12-23,85.11,1
2024-12-24,85.17,1
2024-12-27,85.49,1
2024-12-30,85.47,1
2024-12-31,85.6,1
2025-01-02,85.76,1
2025-01-03,85.77,1
2025-01-06,85.61,1
2025-01-07,85.74,1
2025-01-08,85.89,1
2025-01-09,85.85,1
2025-01-10,86.02,1
2025-01-13,86.7,1
2025-01-14,86.57,1
2025-01-15,86.42,1
2025-01-16,86.58,1
2025-01-17,86.62,1
2025-01-20,86.54,1
2025-01-21,86.6,1
2025-01-22,86.38,1
2025-01-23,86.44,1
2025-01-24,86.26,1
2025-01-27,86.31,1
2025-01-28,86.56,1
2025-01-29,86.56,1
2025-01-30,86.61,1
2025-01-31,86.59,1
2025-02-03,87.06,1
2025-02-04,87.09,1
2025-02-05,87.37,1
2025-02-06,87.61,1
2025-02-07,87.51,1
2025-02-10,87.47,1
2025-02-11,86.74,1
2025-02-12,86.89,1
2025-02-13,86.99,1
2025-02-14,86.67,1
2025-02-17,86.88,1
2025-02-18,86.96,1
2025-02-19,86.87,1
2025-02-20,86.59,1
2025-02-21,86.63,1
2025-02-24,86.73,1
2025-02-25,87.19,1
2025-02-26,87.11,1
2025-02-27,87.15,1
2025-02-28,87.38,1
2025-03-03,87.29,1
2025-03-04,87.14,1
2025-03-05,87.05,1
2025-03-06,87.08,1
2025-03-07,86.99,1
2025-03-10,87.31,1
2025-03-11,87.2,1
2025-03-12,87.2,1
2025-03-13,87.05,1
2025-03-14,86.94,1
2025-03-17,86.79,1
2025-03-18,86.55,1
2025-03-19,86.32,1
2025-03-20,86.36,1
2025-03-21,86.03,1
2025-03-24,85.57,1
2025-03-25,85.7,1
2025-03-26,85.65,1
2025-03-27,85.73,1
2025-03-28,85.53,1
2025-03-31,85.44,1
2025-04-01,85.63,1
2025-04-02,85.49,1
2025-04-03,85.28,1
2025-04-04,85.4,1
2025-04-07,85.77,1
2025-04-08,86.22,1
2025-04-09,86.67,1
2025-04-10,86.16,1
2025-04-11,86.09,1
2025-04-14,85.99,1
2025-04-15,85.89,1
2025-04-16,85.65,1
2025-04-17,85.4,1
2025-04-22,85.2,1
2025-04-23,85.4,1
2025-04-24,85.34,1
2025-04-25,85.43,1
2025-04-28,85.02,1
2025-04-29,85.13,1
2025-04-30,84.53,1
2025-05-02,84.3,1
2025-05-05,84.3,1
2025-05-06,84.38,1
2025-05-07,84.76,1
2025-05-08,85.5,1
2025-05-09,85.39,1
2025-05-12,84.86,1
2025-05-13,85.34,1
2025-05-14,85.39,1
2025-05-15,85.52,1
2025-05-16,85.6,1
2025-05-19,85.44,1
2025-05-20,85.56,1
2025-05-21,85.57,1
2025-05-22,85.98,1
2025-05-23,85.43,1
2025-05-26,85.09,1
2025-05-27,85.4,1
2025-05-28,85.39,1
2025-05-29,85.47,1
2025-05-30,85.56,1
2025-06-02,85.38,1
2025-06-03,85.62,1
2025-06-04,85.89,1
2025-06-05,85.83,1
2025-06-06,85.74,1
2025-06-09,85.66,1
2025-06-10,85.58,1
2025-06-11,85.54,1
2025-06-12,85.54,1
2025-06-13,86.09,1
2025-06-16,86.04,1
2025-06-17,86.26,1
2025-06-18,86.43,1
2025-06-19,86.74,1
2025-06-20,86.62,1
2025-06-23,86.77,1
2025-06-24,86.03,1
2025-06-25,86.1,1
2025-06-26,85.75,1
2025-06-27,85.51,1
2025-06-30,85.8,1
2025-07-01,85.56,1
2025-07-02,85.67,1
2025-07-03,85.38,1
2025-07-04,85.41,1
2025-07-07,85.93,1
2025-07-08,85.67,1
2025-07-09,85.72,1
2025-07-10,85.76,1
2025-07-11,85.83,1
2025-07-14,86.01,1
2025-07-15,85.86,1
2025-07-16,85.99,1
2025-07-17,86.08,1
2025-07-18,86.14,1
2025-07-21,86.29,1
2025-07-22,86.43,1
2025-07-23,86.42,1
2025-07-24,86.39,1
2025-07-25,86.51,1
2025-07-28,86.7,1
2025-07-29,86.85,1
2025-07-30,87.49,1
2025-07-31,87.63,1
2025-08-01,87.5,1
2025-08-04,87.65,1
2025-08-05,87.78,1
2025-08-06,87.72,1
2025-08-07,87.49,1
2025-08-08,87.62,1
2025-08-11,87.74,1
2025-08-12,87.7,1
2025-08-13,87.45,1
2025-08-14,87.57,1
2025-08-15,87.46,1
2025-08-18,87.38,1
2025-08-19,87.09,1
2025-08-20,87.06,1
2025-08-21,87.27,1
2025-08-22,87.53,1
2025-08-25,87.56,1
2025-08-26,87.62,1
2025-08-27,87.76,1
2025-08-28,87.57,1
2025-08-29,88.18,1
2025-09-01,88.19,1
2025-09-02,88.08,1
2025-09-03,88.03,1
2025-09-04,88.12,1
2025-09-05,88.24,1
2025-09-08,88.04,1
2025-09-09,88.17,1
2025-09-10,88.12,1
2025-09-11,88.43,1
2025-09-12,88.27,1
2025-09-15,88.14,1
2025-09-16,88.05,1
2025-09-17,87.85,1
2025-09-18,88.11,1
2025-09-19,88.16,1
2025-09-22,88.28,1
2025-09-23,88.77,1
2025-09-24,88.7,1
2025-09-25,88.69,1
2025-09-26,88.72,1
2025-09-29,88.75,1
2025-09-30,88.79,1
2025-10-01,88.72,1
2025-10-02,88.72,1
2025-10-03,88.78,1
2025-10-06,88.78,1
2025-10-07,88.75,1
2025-10-08,88.76,1
2025-10-09,88.8,1
2025-10-10,88.71,1
2025-10-13,88.69,1
2025-10-14,88.79,1
2025-10-15,88.06,1
2025-10-16,87.93,1
2025-10-17,88.0,1
2025-10-20,87.9,1
2025-10-21,87.97,1
2025-10-22,88.42,1
2025-10-23,87.82,1
2025-10-24,87.81,1
2025-10-27,88.25,1
2025-10-28,88.31,1
2025-10-29,88.23,1
2025-10-30,88.72,1
2025-10-31,88.72,1
2025-11-03,88.77,1
2025-11-04,88.71,1
2025-11-05,88.64,1
2025-11-06,88.57,1
2025-11-07,88.68,1
2025-11-10,88.68,1
2025-11-11,88.49,1
2025-11-12,88.61,1
2025-11-13,88.69,1
2025-11-14,88.68,1
2025-11-17,88.61,1
2025-11-18,88.56,1
2025-11-19,88.5,1
2025-11-20,88.71,1
2025-11-21,89.64,1
2025-11-24,89.15,1
2025-11-25,89.2,1
2025-11-26,89.2,1
2025-11-27,89.4,1
2025-11-28,89.48,1
2025-12-01,89.54,1
2025-12-02,89.95,1
2025-12-03,90.17,1
2025-12-04,89.87,1
2025-12-05,89.94,1
2025-12-08,90.04,1
2025-12-09,89.84,1
2025-12-10,89.91,1
2025-12-11,90.32,1
2025-12-12,90.53,1
2025-12-15,90.74,1
2025-12-16,90.92,1
2025-12-17,90.37,1
